Date,Open,High,Low,Close,Adj Close,Volume,BB_upper,BB_mid,BB_lower,MACD,MACD_signal,RSI,RSI_ema,RSI_signal,MACD_flip,BB_width,BB_diverging,Signal,PnL
2023-02-21,77.1500015258789,78.45999908447266,76.44999694824219,76.7699966430664,76.7699966430664,44045600,90.38846068339144,80.76949996948242,71.1505392555734,3.434219866133418,5.179349939938648,48.8800275794399,61.996200156848694,0,0,19.237921427818037,0,5.179349939938648,
2023-02-22,76.93000030517578,78.12999725341797,75.91999816894531,76.61000061035156,76.61000061035156,50286800,90.27671825687577,80.8650001525879,71.45328204830003,2.8505067426243613,4.7135813004757905,48.61147520323893,60.21157016303406,0,0,18.823436208575743,-1,3.7135813004757905,
2023-02-23,80.62999725341797,81.79000091552734,77.97000122070312,79.75,79.75,76391300,90.13486962166583,81.10699996948242,72.079130317299,2.6111815203299784,4.293101344446628,53.95783659682497,59.37773902087285,0,0,18.055739304366824,-1,3.2931013444466277,
2023-02-24,77.75,78.80999755859375,76.94000244140625,78.08999633789062,78.08999633789062,46700000,89.98068076631832,81.25349960327148,72.52631844022464,2.261497005368895,3.886780476631081,50.94052774251483,58.25277751709178,0,0,17.454362326093673,-1,2.886780476631081,
2023-02-27,79.63999938964844,80.12000274658203,78.52999877929688,78.7699966430664,78.7699966430664,45617300,89.81431678782695,81.42199935913087,73.02968193043478,2.0160006489847007,3.512624511101805,52.12163488480751,57.43529183278721,0,0,16.784634857392177,-1,2.512624511101805,
2023-02-28,77.87000274658203,80.13999938964844,77.41999816894531,78.58000183105469,78.58000183105469,44220100,89.18311205215709,81.72849960327149,74.27388715438589,1.785529551155875,3.167205519112619,51.74677666000635,56.67682314308309,0,0,14.909224897771196,-1,2.167205519112619,
2023-03-01,78.55000305175781,80.29000091552734,77.87999725341797,78.29000091552734,78.29000091552734,44266000,88.89848595914384,81.8854995727539,74.87251318636396,1.561479135935599,2.8460602424772152,51.142173371916776,55.938869840260914,0,0,14.02597277277988,-1,1.8460602424772152,
2023-03-02,77.56999969482422,80.91999816894531,76.6500015258789,80.44000244140625,80.44000244140625,60108600,88.59691698303736,81.6754997253418,74.75408246764623,1.5396565205375623,2.5847794980892846,55.31098320569377,55.85515162231863,0,0,13.842834515391132,-1,1.5847794980892846,
2023-03-03,80.4000015258789,81.62999725341797,79.33999633789062,81.5199966430664,81.5199966430664,54536200,87.55263057359733,81.33599967956543,75.11936878553354,1.5911664701953185,2.3860568925104912,57.282719697060536,56.04549403228422,1,0,12.433261788063788,-1,2.3860568925104912,123.12752915632329
2023-03-06,82.02999877929688,83.30000305175781,81.04000091552734,81.16000366210938,81.16000366210938,54541300,86.91097318141483,81.08950004577636,75.26802691013789,1.584672928338648,2.225780099676123,56.38961070235473,56.09137625496029,0,0,11.64294627127694,-1,1.2257800996761228,
2023-03-07,81.06999969482422,84.8499984741211,80.66999816894531,82.11000061035156,82.11000061035156,70959000,86.7321054122944,81.01100006103516,75.28989470977592,1.637309677133075,2.108086015167513,58.23996359292143,56.37785456668844,0,0,11.44221070251848,-1,1.1080860151675131,
2023-03-08,82.79000091552734,85.7699966430664,82.27999877929688,85.37000274658203,85.37000274658203,69529800,86.61678476670978,80.98400001525879,75.35121526380779,1.919947645863516,2.070458341306714,63.90037105938045,57.38085676571404,0,0,11.265569502901997,-1,1.070458341306714,103.22693198709057
2023-03-09,85.29000091552734,87.80999755859375,83.58999633789062,84.02999877929688,84.02999877929688,79496700,86.50371438500255,80.95099983215331,75.39828527930408,2.0126130012294254,2.058889273291256,60.28330246047009,57.767849525014846,0,0,11.105429105698477,-1,1.058889273291256,
2023-03-10,84.47000122070312,85.44999694824219,81.62999725341797,82.66999816894531,82.66999816894531,70273600,86.43762821305857,80.92399978637695,75.41037135969533,1.953788225248985,2.037869063682802,56.77095655619397,57.634930462505395,-1,0,11.027256853363241,-1,0.03786906368280185,
2023-03-13,81.38999938964844,83.83000183105469,78.5199966430664,82.01000213623047,82.01000213623047,65269100,86.47963543240625,80.9504997253418,75.42136401827734,1.832785788748609,1.9968524086959634,55.09336418894365,57.29605495936383,0,0,11.05827141412891,1,2.9968524086959634,
2023-03-14,83.66999816894531,88.30000305175781,83.58999633789062,87.44999694824219,87.44999694824219,66616300,87.32144638967553,81.166499710083,75.01155303049048,2.1510565623774767,2.027693239432266,64.42481618525613,58.24655645614947,1,1,12.309893359185054,1,4.027693239432266,
2023-03-15,86.7699966430664,90.41999816894531,86.22000122070312,89.68000030517578,89.68000030517578,86177400,88.2568979572199,81.35299987792969,74.44910179863948,2.553792546686779,2.1329131008831688,67.41405580193009,59.468889702253556,0,0,13.80779615858043,1,3.1329131008831688,133.80344162600622
2023-03-16,89.72000122070312,96.69000244140625,89.0199966430664,96.5999984741211,96.5999984741211,115839200,91.4068607413771,81.92399978637695,72.4411388313768,3.3922460345180667,2.3847796876101484,74.55815305962878,61.48079148323692,0,0,18.965721910000298,1,3.3847796876101484,
2023-03-17,96.66000366210938,98.75,95.94000244140625,97.83999633789062,97.83999633789062,94080800,94.50619471261851,82.81199951171875,71.117804310819,4.109413171843073,2.7297063844567333,75.59084191387412,63.36213154065521,0,0,23.388390401799512,1,3.7297063844567333,
2023-03-20,96.30000305175781,96.94000244140625,92.9000015258789,96.80999755859375,96.80999755859375,92008900,96.7225662689315,83.72749938964844,70.73243251036538,4.542300192517416,3.09222514606887,72.94233581653336,64.6394921107723,0,0,25.990133758566117,1,4.09222514606887,
2023-03-21,97.0,99.45999908447266,93.63999938964844,95.93000030517578,95.93000030517578,85285300,98.29797703347604,84.68549957275391,71.07302211203178,4.759493374339826,3.425678791723061,70.66429696187517,65.44279942425268,0,0,27.224954921444265,1,4.425678791723061,
2023-03-22,95.6500015258789,101.69999694824219,95.63999938964844,97.58000183105469,97.58000183105469,110816300,99.91543235782015,85.73399963378907,71.55256690975799,5.007043785246992,3.741951790427847,72.4045283380466,66.37102994609187,0,0,28.362865448062166,1,4.741951790427847,
2023-03-23,100.05000305175781,102.43000030517578,98.66999816894531,100.27999877929688,100.27999877929688,84088900,101.99381154068229,86.7604995727539,71.52718760482551,5.359317581284785,4.065424948599235,75.01627634705292,67.52372946622,0,0,30.466623935856774,1,5.065424948599235,
2023-03-24,99.18000030517578,99.5199966430664,96.73999786376953,97.94999694824219,97.94999694824219,64712400,103.18447631584078,87.75349960327148,72.32252289070217,5.388371633466335,4.330014285572655,68.95149933432266,67.71409878196702,0,0,30.86195342513861,1,5.330014285572655,
2023-03-27,98.0199966430664,98.93000030517578,95.43000030517578,96.61000061035156,96.61000061035156,57461400,103.95821483910731,88.64549980163574,73.33278476416416,5.24283454046099,4.512578336550321,65.66361770608401,67.44070130518263,-1,0,30.625430074943154,-1,2.5125783365503214,
2023-03-28,96.7699966430664,96.94000244140625,92.87000274658203,94.55999755859375,94.55999755859375,59150100,104.23162392131516,89.44449958801269,74.65737525471022,4.905529343345506,4.5911685379093585,60.8807534289538,66.56604158835212,0,0,29.574248666604944,-1,3.5911685379093585,
2023-03-29,96.06999969482422,96.91000366210938,94.87000274658203,96.08999633789062,96.08999633789062,55326000,104.45677272292791,90.33449935913086,76.21222599533381,4.707406606138022,4.614416151555091,63.044298568773414,66.09647585240829,0,0,28.2445467275941,-1,3.6144161515550914,
2023-03-30,98.0,99.52999877929688,97.25,97.87999725341797,97.87999725341797,59678500,104.92523681917734,91.20649909973145,77.48776138028555,4.641328675876352,4.619798656419343,65.45170258493157,66.0105060834114,0,0,27.437475438891795,-1,3.619798656419343,
2023-03-31,96.33999633789062,98.36000061035156,95.2699966430664,98.01000213623047,98.01000213623047,55861100,105.29661004816707,92.03099937438965,78.76538870061223,4.54703634309368,4.60524619375421,65.62683965876417,65.9593505601251,0,-1,26.531221347554833,-1,3.60524619375421,
2023-04-03,96.69999694824219,96.79000091552734,94.80999755859375,96.55999755859375,96.55999755859375,50655300,105.21355254476178,92.80099906921387,80.38844559366596,4.3056726249699295,4.545331479997354,61.860174843060136,65.41279379784977,0,0,24.82510695109582,-1,3.545331479997354,
2023-04-04,97.04000091552734,97.2699966430664,95.20999908447266,95.87000274658203,95.87000274658203,43195900,104.94335966888205,93.48899917602539,82.03463868316872,4.012460181322524,4.438757220262388,60.092679851132026,64.70344527162074,0,0,22.90872098571333,-1,3.4387572202623877,
2023-04-05,94.3499984741211,94.5,91.36000061035156,92.55999755859375,92.55999755859375,52979300,104.6962822036908,93.84849891662597,83.00071562956114,3.472963292456427,4.245598434701195,52.36334746978951,63.05809889804324,0,0,21.695566574129657,-1,3.2455984347011952,-83.22569305270956
2023-04-06,91.47000122070312,92.91000366210938,90.62000274658203,92.47000122070312,92.47000122070312,47778400,104.17310112204757,94.27049903869629,84.367896955345,3.0035234204651573,3.997183431853988,52.16687753513318,61.605936049655234,0,0,19.805204166702566,-1,2.997183431853988,
2023-04-10,91.31999969482422,95.80000305175781,91.0199966430664,95.4800033569336,95.4800033569336,52536300,103.26556821249112,94.9109992980957,86.55643038370029,2.8416145923597185,3.766069663955134,57.86160954242769,61.106692515358226,0,0,16.70913782879083,-1,2.766069663955134,
2023-04-11,96.05999755859375,96.06999969482422,92.69000244140625,94.02999877929688,94.02999877929688,51935800,101.44682055815422,95.51199913024902,89.57717770234383,2.5667099932934576,3.5261977298227984,54.49576126119001,60.225235014802465,0,0,11.869642855810383,-1,2.5261977298227984,
2023-04-12,94.97000122070312,95.0,91.73999786376953,92.33000183105469,92.33000183105469,53383100,100.65597962235394,95.75599937438965,90.85601912642535,2.1864663486576177,3.258251453589762,50.767124775267966,58.9641536495312,0,0,9.799960495928588,-1,2.258251453589762,
2023-04-13,92.79000091552734,93.16000366210938,91.83000183105469,92.08999633789062,92.08999633789062,40572500,100.26467514521417,95.87649917602539,91.48832320683661,1.8444919284921468,2.975499548570239,50.24444809408464,57.80152624213832,0,0,8.776351938377559,-1,1.9754995485702391,
2023-04-14,91.81999969482422,92.97000122070312,90.5,91.75,91.75,38734800,100.35859154453397,95.63399925231934,90.90940696010472,1.52842118569896,2.6860838759959833,49.46747136942355,56.69031892577635,0,0,9.449184584429247,1,3.6860838759959833,
2023-04-17,90.2300033569336,90.69000244140625,88.30000305175781,89.87000274658203,89.87000274658203,47250800,100.46598816030654,95.23549957275391,90.00501098520128,1.1133982167342111,2.371546744143629,45.296367863777746,55.171125450843206,0,0,10.460977175105256,1,3.371546744143629,
2023-04-18,91.61000061035156,92.16000366210938,89.33000183105469,89.77999877929688,89.77999877929688,46246300,100.56911098152537,94.88399963378906,89.19888828605275,0.7683696685398189,2.050911329022867,45.100302970663684,53.8283491201526,0,0,11.37022269547262,1,3.050911329022867,
2023-04-19,88.51000213623047,90.54000091552734,88.22000122070312,89.94000244140625,89.94000244140625,37344500,100.63689500684197,94.58449974060059,88.53210447435922,0.5020556318202978,1.741140189582353,45.55150937571842,52.72477048756138,0,0,12.104790532482752,1,2.741140189582353,
2023-04-20,88.83000183105469,91.58000183105469,88.7300033569336,90.11000061035156,90.11000061035156,47082700,100.39833361390184,94.21099967956543,88.02366574522902,0.3012447090434307,1.4531610934745687,46.05876306409752,51.8359694977662,0,0,12.374667868672816,1,2.4531610934745687,
2023-04-21,89.80000305175781,89.80000305175781,88.05999755859375,88.43000030517578,88.43000030517578,41118300,99.63483728923056,93.61849975585938,87.60216222248819,0.006464107491481741,1.1638216962779513,41.90401403158525,50.51170876894207,0,0,12.032675066742371,-1,0.1638216962779513,-86.9428108118098
2023-04-24,88.11000061035156,88.63999938964844,86.33999633789062,87.56999969482422,87.56999969482422,40423800,99.31909561138323,93.09949989318848,86.87990417499373,-0.2931670575985379,0.8724239455026535,39.91890124830156,49.09933443285667,0,0,12.439191436389507,1,1.8724239455026535,
2023-04-25,86.9000015258789,87.05999755859375,83.76000213623047,83.80000305175781,83.80000305175781,52771500,99.66134794957763,92.4590000152588,85.25665208093996,-0.8253203572430294,0.5328750849535169,32.62298083468668,46.90248728643401,0,0,14.404695868637674,1,1.5328750849535169,-85.67195781485846
2023-04-26,86.51000213623047,87.3499984741211,85.31999969482422,85.94000244140625,85.94000244140625,47786600,99.69268553323467,92.02800025939942,84.36331498556417,-1.0621320183914804,0.2138736642845174,39.394286891255284,45.90139390041018,0,0,15.329370547670493,1,1.2138736642845174,
2023-04-27,86.41000366210938,87.56999969482422,84.08999633789062,87.44000244140625,87.44000244140625,53087200,99.27073077415875,91.59550056457519,83.92027035499163,-1.1159060319021847,-0.052082274952823034,43.66775075250971,45.603574814023446,0,0,15.35046041916712,1,0.947917725047177,
2023-04-28,87.0199966430664,89.75,86.44000244140625,89.37000274658203,89.37000274658203,50652100,98.3307652597544,91.1700008392334,84.00923641871239,-0.9913596531070681,-0.23993775058367206,48.68180096492532,46.01400496747703,1,0,14.32152884104201,-1,-0.23993775058367206,
2023-05-01,91.02999877929688,91.04000091552734,88.61000061035156,89.69000244140625,89.69000244140625,59358700,97.20886558118525,90.75400085449219,84.29913612779913,-0.856955994314589,-0.3633413993298555,49.48464623885872,46.476757136994586,0,0,12.90972945338612,-1,-1.3633413993298555,
2023-05-02,89.31999969482422,90.45999908447266,88.12000274658203,89.91000366210938,89.91000366210938,70483500,96.30568344425252,90.42150115966797,84.53731887508341,-0.7243381472351587,-0.4355407489109161,50.06306522404714,46.95493154860159,0,0,11.768364569169108,-1,-1.435540748910916,
2023-05-03,83.54000091552734,85.4800033569336,81.0199966430664,81.62000274658203,81.62000274658203,109482200,96.20122859813725,89.70900115966796,83.21677372119868,-1.2734913241553443,-0.6031308639598018,34.18072282902712,45.25170371932499,-1,0,12.984454876938571,1,-0.6031308639598016,-100.03257096206715
2023-05-04,81.56999969482422,91.63999938964844,81.11000061035156,86.61000061035156,86.61000061035156,122840500,95.89919098297536,89.41150131225587,82.92381164153637,-1.2911643103971642,-0.7407375532472742,45.40761711556425,45.272492172156895,1,0,12.97537934143898,-1,-0.7407375532472742,
2023-05-05,84.98999786376953,90.43000030517578,84.72000122070312,89.83999633789062,89.83999633789062,78407400,95.61930586171265,89.28000106811524,82.94069627451783,-1.0326330671032053,-0.7991166560184604,51.209011774888666,46.064028119187796,0,0,12.678609587194813,-1,-1.7991166560184604,
2023-05-08,89.98999786376953,95.66000366210938,89.16999816894531,95.04000091552734,95.04000091552734,95503200,95.51358750661754,89.25800094604492,83.00241438547229,-0.4034970205274817,-0.7199927289202647,58.79978922847646,47.762129600426285,0,1,12.511173121145248,-1,-1.7199927289202646,-193.69241991778472
2023-05-09,94.88999938964844,96.16000366210938,93.43000030517578,95.05999755859375,95.05999755859375,68674800,95.73600806358289,89.30950088500977,82.88299370643665,0.09560926692634553,-0.5568723297509426,58.82631722248068,49.2373546167002,0,0,12.853014357146236,1,0.4431276702490574,
2023-05-10,96.41999816894531,99.94000244140625,96.12000274658203,97.0199966430664,97.0199966430664,95619500,96.69562266378293,89.54400062561035,82.39237858743778,0.6419105955512237,-0.31711574469050935,61.44661667729834,50.865256224779955,0,0,14.303244076345152,1,0.6828842553094907,
2023-05-11,98.16000366210938,99.19000244140625,96.13999938964844,97.0999984741211,97.0999984741211,57061000,97.60583214433707,89.79450073242188,81.98316932050669,1.0689911489961474,-0.03989436595317799,61.55416638548357,52.2904442462071,0,0,15.622662823830382,1,0.960105634046822,
2023-05-12,96.83000183105469,97.44999694824219,93.68000030517578,95.26000213623047,95.26000213623047,53790400,98.10039092327766,89.97000083923339,81.83961075518913,1.244635850250944,0.21701167728764645,57.57594001285496,52.99517701509348,0,0,16.26078016808853,1,1.2170116772876465,
2023-05-15,95.19999694824219,97.43000030517578,93.44999694824219,97.4000015258789,97.4000015258789,51749200,99.09722738914644,90.34650077819825,81.59577416725006,1.5387775378698052,0.4813648494040782,60.75296252492415,54.02954841640424,0,0,17.501453221896384,1,1.4813648494040783,
2023-05-16,97.38999938964844,103.27999877929688,97.30999755859375,101.4800033569336,101.4800033569336,90622900,100.9281557565241,90.93150100708007,80.93484625763604,2.0771647322095106,0.8005248259651647,65.98332008550256,55.62338463895068,0,0,19.993309498888067,1,1.8005248259651647,134.3973476416454
2023-05-17,101.79000091552734,104.13999938964844,100.05000305175781,103.75,103.75,75240900,103.0540661078403,91.62200088500977,80.18993566217924,2.656389021441541,1.17169766506044,68.4986942482519,57.34009258685751,0,0,22.86413044566106,1,2.17169766506044,
2023-05-18,103.9800033569336,108.0999984741211,103.93000030517578,107.93000030517578,107.93000030517578,74338700,105.93870500098109,92.51300086975098,79.08729673852088,3.413372303487023,1.6200325927457566,72.52724360842466,59.3650460563998,0,0,26.85140826246021,1,2.6200325927457566,
2023-05-19,106.36000061035156,107.29000091552734,104.62000274658203,105.81999969482422,105.81999969482422,67830600,107.84992892634135,93.3825008392334,78.91507275212545,3.7992324067882066,2.0558725555542465,67.81287799444709,60.49142364813944,0,0,28.934856174215895,1,3.0558725555542465,
2023-05-22,104.68000030517578,108.79000091552734,103.48999786376953,108.0,108.0,65424200,109.93171313812275,94.40400085449218,78.87628857086162,4.232151515977932,2.4911283476389836,69.98376380007714,61.75706900173113,0,0,31.055424567261127,1,3.4911283476389836,
2023-05-23,107.25,110.98999786376953,107.19000244140625,108.12000274658203,108.12000274658203,73099100,111.4418848172027,95.6200008392334,79.79811686126409,4.532676375999472,2.8994379533110815,70.10329943964916,62.86989972678687,0,0,31.643767955938614,1,3.8994379533110815,
2023-05-24,105.9800033569336,108.91000366210938,105.63999938964844,108.2699966430664,108.2699966430664,65910500,112.81784785521319,96.7365005493164,80.65515324341962,4.728441219599162,3.2652386065686976,70.26270728351732,63.85560740101759,0,0,32.16269461179357,1,4.265238606568698,
2023-05-25,117.30999755859375,120.69000244140625,115.80000305175781,120.3499984741211,120.3499984741211,108514700,116.87560827961258,98.38200035095215,79.88839242229173,5.791579733505273,3.7705068319560127,79.66610935098788,65.9636743276803,0,0,36.98721585732085,1,4.770506831956013,318.39997073253954
2023-05-26,122.45999908447266,127.43000030517578,120.88999938964844,127.02999877929688,127.02999877929688,92922800,122.07621570406573,100.26500015258789,78.45378460111004,7.0913996222092095,4.434685390006652,82.88842280451578,68.22030745792503,0,0,43.62243110295569,1,5.434685390006652,
2023-05-30,130.4199981689453,130.7899932861328,123.51000213623047,125.2699966430664,125.2699966430664,98902300,125.82957571314361,102.0439998626709,78.25842401219819,7.888564326170155,5.125461177239353,79.32176796942207,69.7005021927913,0,0,47.57115170094542,1,6.125461177239353,
2023-05-31,122.41999816894531,123.95999908447266,117.86000061035156,118.20999908447266,118.20999908447266,87552200,127.553933842837,103.45899963378906,79.36406542474113,7.8600347097711705,5.672375883745716,66.88827286490564,69.32553828240655,-1,0,48.18986841809587,1,5.672375883745716,-138.17050744993597
2023-06-01,117.29000091552734,121.27999877929688,116.5999984741211,119.47000122070312,119.47000122070312,66032900,128.20148222814026,105.35149955749512,82.50151688684996,7.848622392009474,6.107625185398468,67.85664754732244,69.12968618439534,0,0,45.69996534129031,-1,5.107625185398468,
2023-06-02,120.75,121.66000366210938,117.68000030517578,117.86000061035156,117.86000061035156,52331100,128.67175326070375,106.91399955749512,85.15624585428647,7.62180503006546,6.410461154331866,65.23147279490217,68.60992439912958,0,0,43.515507406417285,-1,5.410461154331866,
2023-06-05,116.58999633789062,119.31999969482422,116.41999816894531,117.93000030517578,117.93000030517578,52602900,129.09048811245705,108.31849975585938,87.5465113992617,7.362824963969217,6.600933916259336,65.29433953229135,68.16784641688449,0,0,41.54397671319535,-1,5.600933916259336,
2023-06-06,117.91000366210938,124.41999816894531,117.73999786376953,124.2300033569336,124.2300033569336,75257500,130.71424645987946,109.77799987792969,88.8417532959799,7.57857786259278,6.796462705526025,70.46961056210083,68.47474830291333,1,0,41.87249316389956,1,8.796462705526025,
2023-06-07,124.02999877929688,125.33999633789062,117.06999969482422,117.83000183105469,117.83000183105469,81755200,130.98599731073477,110.91650009155273,90.8470028723707,7.150708041927544,6.867311772806329,60.58573699340432,67.42288012831213,-1,0,40.13899443836408,-1,4.867311772806329,
2023-06-08,118.30000305175781,122.20999908447266,117.05000305175781,121.05000305175781,121.05000305175781,65246900,131.58400465992864,112.11800041198731,92.65199616404598,6.990859042864969,6.892021226818057,63.36947938651504,66.88242669607251,0,0,38.932008495882656,-1,5.892021226818057,
2023-06-09,123.56999969482422,127.25,123.55000305175781,124.91999816894531,124.91999816894531,75051600,132.45249401388784,113.50900039672851,94.56550677956918,7.094670872972046,6.932551156048855,66.43756943292365,66.82311239431934,0,0,37.88698723431867,-1,5.932551156048855,
2023-06-12,128.52000427246094,130.47999572753906,126.4000015258789,129.19000244140625,129.19000244140625,85394700,133.36912006058617,115.2055004119873,97.04188076338843,7.4357810992297715,7.0331971446850385,69.47548919468932,67.17676263436867,1,0,36.327239297197735,-1,7.0331971446850385,161.9050994522571
2023-06-13,132.32000732421875,132.8300018310547,122.44999694824219,124.52999877929688,124.52999877929688,132461900,133.19145628118503,116.5620002746582,99.93254426813137,7.2465562709816,7.07586896994435,62.79524573541201,66.59256038117445,-1,0,33.25891201305366,-1,5.07586896994435,
2023-06-14,126.52999877929688,127.7300033569336,123.80999755859375,127.33000183105469,127.33000183105469,95888100,133.5883245319567,117.85450019836426,102.12067586477185,7.239083429377757,7.1085118618310315,64.9744718748156,66.37681524699327,0,0,31.467648667184832,-1,6.1085118618310315,
2023-06-15,125.38999938964844,125.69999694824219,122.26000213623047,124.23999786376953,124.23999786376953,85587100,133.4296825138181,118.87900009155274,104.32831766928737,6.904235918715202,7.067656673207866,60.74578776929367,65.6260115833,0,-1,29.101364844530735,-1,6.067656673207866,
2023-06-16,125.81999969482422,125.8499984741211,119.9000015258789,120.08000183105469,120.08000183105469,81846900,133.14514195076472,119.48650016784669,105.82785838492863,6.231358716370252,6.900397081840343,55.50812419564711,64.27695993161295,0,0,27.317283565836092,-1,5.900397081840343,
2023-06-20,119.08999633789062,121.75,117.69999694824219,118.93000030517578,118.93000030517578,58851800,132.2888955044765,120.14200019836426,107.99510489225202,5.541425074675232,6.628602680407321,54.11893668726794,62.92255683236695,0,0,24.293790612224484,-1,5.628602680407321,-89.48845316582198
2023-06-21,118.48999786376953,119.19000244140625,111.66999816894531,112.11000061035156,112.11000061035156,82835600,131.7840693927713,120.34750022888184,108.91093106499238,4.393683071199703,6.181618758565797,46.66084764509218,60.75432894073032,0,0,22.873138327778918,-1,5.181618758565797,
2023-06-22,112.23999786376953,114.0,109.8499984741211,110.69999694824219,110.69999694824219,70754800,131.40541001791075,120.47649993896485,109.54758986001896,3.3319056188360747,5.611676130619853,45.27177052704936,58.68998781890619,0,0,21.857820157891794,-1,4.611676130619853,
2023-06-23,109.30999755859375,111.0999984741211,107.45999908447266,110.01000213623047,110.01000213623047,73545600,131.12383022886885,120.56350021362304,110.00317019837723,2.4070159418797488,4.970744092871832,44.57249085109932,56.807654889865276,0,0,21.12066003049162,-1,3.970744092871832,
2023-06-26,110.94999694824219,112.55000305175781,107.19999694824219,107.51000213623047,107.51000213623047,68557000,131.9190651823036,119.92150039672852,107.92393561115344,1.4555266970634904,4.267700613710163,42.038805610100816,54.83847498589668,0,0,23.99512957115016,1,5.267700613710163,-81.6519214491535
2023-06-27,108.56999969482422,110.97000122070312,107.08000183105469,110.38999938964844,110.38999938964844,59381600,131.3057362397129,119.0895004272461,106.87326461477929,0.9232140873283754,3.598803308433806,45.85705573123548,53.64095241860852,0,0,24.432471624933612,1,4.598803308433806,
2023-06-28,108.20999908447266,111.77999877929688,107.62999725341797,110.16999816894531,110.16999816894531,67534100,130.79355806416737,118.33450050354004,105.8754429429127,0.4780891351740877,2.9746604737818623,45.60988121691006,52.57014292504873,0,0,24.918115121254672,1,3.9746604737818623,
2023-06-29,112.06999969482422,112.76000213623047,109.83999633789062,111.23999786376953,111.23999786376953,58347200,130.82366376373773,117.98600044250489,105.14833712127205,0.2092523063192573,2.4215788402893414,47.10325899500505,51.84122506770957,0,0,25.675326642465677,1,3.4215788402893414,
2023-06-30,113.02999877929688,114.69000244140625,112.41000366210938,113.91000366210938,113.91000366210938,53331900,130.64549499393186,117.7080005645752,104.77050613521855,0.20923243507469635,1.9791095592464123,50.73801154182911,51.69412993092551,0,0,25.87498885871331,1,2.979109559246412,
2023-07-03,115.16000366210938,116.7300033569336,114.51000213623047,115.81999969482422,115.81999969482422,31860000,130.56923447974947,117.60600051879882,104.64276655784819,0.35919680710735236,1.6551270088186003,53.21463996989954,51.89686460278872,1,0,25.926467921901278,1,3.6551270088186003,
2023-07-05,116.0999984741211,117.66000366210938,113.86000061035156,113.94999694824219,113.94999694824219,49501600,130.4660702913573,117.40700035095215,104.34793041054698,0.32342284179753733,1.3887861754143878,50.535824877484195,51.71539263941478,-1,0,26.118139880810332,1,1.3887861754143878,
2023-07-06,112.06999969482422,113.79000091552734,110.30999755859375,113.4800033569336,113.4800033569336,42342000,129.6428033608502,116.86950035095215,104.09619734105411,0.2542167096493131,1.1618722822613727,49.85651504291672,51.46754229321504,0,0,25.546606019796087,-1,0.16187228226137274,
2023-07-07,114.16000366210938,115.33000183105469,113.04000091552734,113.16999816894531,113.16999816894531,37135100,129.50090315056005,116.63650016784668,103.77209718513329,0.1723685659369636,0.9639715389964909,49.3849679964718,51.18986572031594,0,0,25.72880596542676,1,1.963971538996491,
2023-07-10,113.0,113.61000061035156,109.87999725341797,113.58000183105469,113.58000183105469,49330200,129.02652194815983,116.26300010681152,103.4994782654632,0.13898505811479822,0.7989742428201524,50.05775046859328,51.03891702008625,0,0,25.52704368269663,-1,-0.2010257571798476,
2023-07-11,111.66000366210938,113.2699966430664,109.5,111.31999969482422,111.31999969482422,59899500,127.86940802814436,115.58300018310547,103.29659233806657,-0.06903905783394748,0.6253715826893325,46.396838089798685,50.41997316271458,0,0,24.57281569007779,-1,-0.37462841731066754,
2023-07-12,112.88999938964844,115.4000015258789,112.30999755859375,114.58000183105469,114.58000183105469,57993100,125.43514611679036,114.8525001525879,104.26985418838542,0.028823005299628335,0.5060618672113917,51.86535429390656,50.61269064687351,1,0,21.16529192840494,-1,0.5060618672113917,
2023-07-13,115.76000213623047,116.16000366210938,113.58000183105469,115.91999816894531,115.91999816894531,49206700,124.05258623962034,114.42200012207032,104.79141400452029,0.2120613893494152,0.4472617716389964,53.94516924489429,51.05702112660961,0,0,19.261172235100048,-1,-0.5527382283610036,99.68926199516513
2023-07-14,116.16999816894531,122.12000274658203,115.25,115.94000244140625,115.94000244140625,91847300,121.50680826573912,113.8525001525879,106.19819203943666,0.3548033542645044,0.428770088164098,53.97713937169241,51.446370225953984,0,0,15.308616226302462,-1,-0.571229911835902,
2023-07-17,115.94999694824219,118.83999633789062,112.7300033569336,118.31999969482422,118.31999969482422,68593300,119.9322086439873,113.55650024414062,107.18079184429395,0.6524522147496725,0.4735065134812129,57.73617423433882,52.28501076040529,0,1,12.751416799693345,-1,-0.5264934865187871,
2023-07-18,117.55000305175781,118.43000030517578,115.19000244140625,117.93000030517578,117.93000030517578,57980100,119.44213945374237,113.44900016784668,107.45586088195098,0.8471064736222331,0.548226505509417,56.91580794834482,52.902450385463894,0,0,11.986278571791388,-1,-0.451773494490583,
2023-07-19,121.30000305175781,121.66999816894531,115.55000305175781,116.43000030517578,116.43000030517578,70363100,118.94754161099554,113.32400016784668,107.70045872469781,0.870301616914162,0.612641527790366,53.752300424153155,53.01576372395579,0,0,11.247082886297733,-1,-0.38735847220963404,
2023-07-20,114.95999908447266,115.05000305175781,109.23999786376953,110.25,110.25,76340400,118.99162152406913,113.2310001373291,107.47037875058908,0.3855650054973552,0.5672262233317638,43.118636969855004,51.69614682340902,-1,-1,11.521242773480054,1,0.5672262233317638,
2023-07-21,110.97000122070312,112.30000305175781,109.54000091552734,110.94999694824219,110.94999694824219,76778100,118.98314589664702,113.24350013732911,107.5038543780112,0.057231918287001804,0.46522736232281137,44.45890791872633,50.731181636117995,0,0,11.479291518635819,-1,-0.5347726376771886,
2023-07-24,110.62000274658203,111.30999755859375,108.55000305175781,110.61000061035156,110.61000061035156,45583600,118.95116644326212,113.27350006103515,107.59583367880818,-0.22778353503758808,0.32662518285073144,43.917625111768274,49.82270743287137,0,0,11.355332764453948,-1,-0.6733748171492686,
2023-07-25,111.13999938964844,114.05000305175781,111.0,113.0,113.0,44916300,118.57849432090997,113.54799995422363,108.51750558753729,-0.2578351949064057,0.20973310729930403,48.650349043709774,49.666392980983154,0,0,10.060988733372682,-1,-0.7902668927006959,
2023-07-26,111.91000366210938,112.36000061035156,109.30000305175781,110.08999633789062,110.08999633789062,51721700,118.60270766737048,113.53299980163574,108.463291935901,-0.5105786941182657,0.06567074701579007,43.803354054409816,48.88465445744004,0,0,10.139415731469484,1,1.06567074701579,100.4097973163273
2023-07-27,111.79000091552734,115.08000183105469,110.51000213623047,111.0999984741211,111.0999984741211,70678000,118.54087381346625,113.57949981689453,108.6181258203228,-0.622208573583606,-0.07190511710408916,45.820937636588376,48.476158881326484,0,0,9.922747993143446,-1,-1.0719051171040892,
2023-07-28,113.37999725341797,114.86000061035156,112.44000244140625,112.95999908447266,112.95999908447266,55526000,118.52016261035678,113.66549987792969,108.8108371455026,-0.5542010677966829,-0.1683643072426079,49.422213854012426,48.602299544351276,1,0,9.709325464854174,-1,-0.16836430724260787,
2023-07-31,114.16000366210938,114.68000030517578,112.3499984741211,114.4000015258789,114.4000015258789,54187300,118.5542871167243,113.68999977111817,108.82571242551204,-0.3797311626058928,-0.21063767831526486,52.07800931128476,49.06572751327574,0,0,9.728574691212259,1,0.7893623216847352,
2023-08-01,114.26000213623047,118.19000244140625,113.16000366210938,117.5999984741211,117.5999984741211,95279300,118.85638540161561,113.77899971008301,108.70161401855042,0.016559615538454864,-0.1651982195445209,57.42774670963806,50.18066340612405,0,1,10.154771383065196,1,0.834801780455479,-116.42664426330298
2023-08-02,119.48999786376953,119.5,107.37999725341797,109.3499984741211,109.3499984741211,173372000,118.97906497746871,113.54899978637695,108.1189345952852,-0.33126452825771935,-0.1984114812871606,43.83976629885654,49.335210458488376,-1,-1,10.860130382183513,1,-0.19841148128716068,
2023-08-03,108.94999694824219,114.95999908447266,108.94999694824219,113.1500015258789,113.1500015258789,90605400,118.96530806511866,113.53249969482422,108.09969132452979,-0.2968670809121221,-0.2181026012121529,49.73879747241543,49.38902206034532,1,0,10.865616740588877,1,1.781897398787847,
2023-08-04,114.4800033569336,118.8499984741211,113.95999908447266,115.81999969482422,115.81999969482422,83083100,119.18454970623245,113.66499977111816,108.14544983600388,-0.05354310634187698,-0.18519070223809772,53.43947588494451,49.929082570291875,0,1,11.039099870228569,1,0.8148092977619023,-117.74396533024465
2023-08-07,116.36000061035156,119.08000183105469,115.48999786376953,116.80999755859375,116.80999755859375,65854800,119.51313828779101,113.82649955749511,108.13986082719921,0.21667970168584816,-0.10481662145330853,54.76928677435249,50.57444313083329,0,0,11.373277460591794,1,0.8951833785466915,
2023-08-08,114.94000244140625,115.45999908447266,111.41000366210938,113.2300033569336,113.2300033569336,54141800,119.50017436498757,113.92199974060058,108.3438251162136,0.14033986053027547,-0.05578532505659173,49.28727934817986,50.40282129314616,-1,0,11.156349248773978,-1,-2.0557853250565916,
2023-08-09,112.88999938964844,113.1500015258789,108.77999877929688,110.47000122070312,110.47000122070312,56257100,119.48224133593082,113.71649971008301,107.9507580842352,-0.1412409815618929,-0.07287645635765197,45.505644574419506,49.74986439731594,0,-1,11.531483251695619,1,0.9271235436423481,-108.00952808918312
2023-08-10,111.30000305175781,113.88999938964844,109.47000122070312,110.2300033569336,110.2300033569336,57297800,119.2954517138817,113.43199996948242,107.56854822508313,-0.3793882973301237,-0.13417882455214633,45.18101850366732,49.14068494482946,0,0,11.72690348879857,1,0.8658211754478536,
2023-08-11,108.8499984741211,109.06999969482422,106.4800033569336,107.56999969482422,107.56999969482422,55618700,119.28199973749841,113.01349983215331,106.74499992680822,-0.7738414631022152,-0.2621113522621601,41.635788167498546,48.140032041185336,0,0,12.53699981069019,1,0.7378886477378399,
2023-08-14,106.75,111.98999786376953,105.41999816894531,111.9800033569336,111.9800033569336,57421800,118.4821694114492,112.69650001525879,106.91083061906838,-0.7222720961388376,-0.3541435010374956,48.80769332579401,48.22905354579983,1,0,11.571338792380828,-1,-0.3541435010374956,
2023-08-15,111.98999786376953,113.18000030517578,110.16999816894531,111.3499984741211,111.3499984741211,53816600,117.65197854928432,112.36749992370605,107.08302129812778,-0.7238945246837574,-0.42809370576674793,47.90210224836853,48.18546003947566,-1,0,10.568957251156547,-1,-2.4280937057667478,
2023-08-16,110.08999633789062,110.44000244140625,106.9800033569336,107.19000244140625,107.19000244140625,54327300,117.30294877088772,111.90550003051757,106.50805129014742,-1.0487676832795785,-0.552228501269314,42.31857577940738,47.40320880479989,0,0,10.794897480740303,1,0.447771498730686,
2023-08-17,107.62000274658203,107.8499984741211,104.0999984741211,104.44000244140625,104.44000244140625,59064300,117.89142325567819,111.6150001525879,105.3385770494976,-1.510719386643487,-0.7439266783441486,39.07601080232576,46.29291573780334,0,0,12.55284620618059,1,0.2560733216558514,-104.52781884247906
2023-08-18,102.4000015258789,106.06999969482422,101.68000030517578,105.44999694824219,105.44999694824219,59884300,118.16671195392921,111.34000015258789,104.51328835124657,-1.774861821649452,-0.9501137070052094,40.86806338385453,45.56960209061017,0,0,13.653423602682636,1,0.04988629299479064,
2023-08-21,106.19999694824219,108.54000091552734,105.66999816894531,108.22000122070312,108.22000122070312,49319200,118.17658901580506,111.22050018310547,104.26441135040588,-1.7406156755273372,-1.1082141007096349,45.59467517513065,45.572945168546234,1,0,13.912177665399184,1,0.8917858992903651,
2023-08-22,109.4000015258789,109.72000122070312,104.8499984741211,105.66000366210938,105.66000366210938,47335100,118.16095661160468,110.85350036621094,103.5460441208172,-1.8981649027493717,-1.2662042611175823,42.23466436845363,45.12784106186722,-1,0,14.614912490787475,1,-1.2662042611175823,
2023-08-23,105.6500015258789,110.08000183105469,105.0,109.43000030517578,109.43000030517578,54656300,118.14738555310971,110.8205005645752,103.49361557604068,-1.6992289251687538,-1.3528091939278166,48.27938612553301,45.54804707035599,1,0,14.653769977069032,1,0.6471908060721834,
2023-08-24,111.05999755859375,111.63999938964844,100.87000274658203,101.80000305175781,101.80000305175781,109179100,118.66673389968855,110.35550079345703,102.0442676872255,-2.1326637216370017,-1.5087800994696536,39.31306952662859,44.716716731192335,-1,0,16.622466212463053,1,-1.5087800994696536,
2023-08-25,101.16999816894531,104.12000274658203,99.58000183105469,102.25,102.25,74793100,118.74819781819743,109.8200008392334,100.89180386026938,-2.4120483358576195,-1.689433746747247,40.020566457804165,44.09056336140725,0,0,17.85639395792805,1,-0.6894337467472469,
2023-08-28,103.47000122070312,104.06999969482422,100.88999938964844,102.61000061035156,102.61000061035156,55386800,118.4242051329202,109.23050079345703,100.03679645399384,-2.574733687645093,-1.866493734926816,40.61701062689097,43.62742299680508,0,0,18.387408678926363,1,-0.866493734926816,
2023-08-29,102.11000061035156,106.56999969482422,101.79000091552734,105.91999816894531,105.91999816894531,50850300,117.09292976625136,108.64650077819825,100.20007179014513,-2.408806637361181,-1.974956315413689,45.939966518415275,43.93576213301977,1,0,16.892857976106228,-1,-1.974956315413689,
2023-08-30,105.4000015258789,107.66999816894531,104.5,106.58999633789062,106.58999633789062,54847300,116.99453901877101,108.50850067138671,100.02246232400242,-2.197908876369752,-2.0195468276049016,46.97604710826205,44.341133463052074,0,0,16.97207669476859,1,-1.0195468276049016,
2023-08-31,106.19000244140625,108.05999755859375,104.86000061035156,105.72000122070312,105.72000122070312,58919000,116.42598356048751,108.13700065612792,99.84801775176834,-2.0770295131308103,-2.0310433647100834,45.74992012457262,44.52897168458815,0,0,16.57796580871917,-1,-3.0310433647100834,
2023-09-01,107.0,110.05999755859375,106.61000061035156,109.44999694824219,109.44999694824219,54808900,115.35776873565857,107.81850051879883,100.27923230193909,-1.6611040905828673,-1.9570555098846403,51.584620076836764,45.469724803554634,0,1,15.078536433719478,-1,-2.9570555098846403,
2023-09-05,109.0,111.81999969482422,106.30000305175781,110.77999877929688,110.77999877929688,66042200,114.00249570195214,107.51700057983399,101.03150545771584,-1.2102096209744673,-1.8076863321026058,53.50485489791821,46.54107548280311,0,0,12.970990244236305,-1,-2.8076863321026058,100.58514889293828
2023-09-06,110.55999755859375,111.33000183105469,108.22000122070312,109.27999877929688,109.27999877929688,47736700,113.31946485096486,107.31950035095215,101.31953585093945,-0.9628112801590731,-1.6387113217138993,51.04587297738937,47.14171514874794,0,0,11.999929000025418,-1,-2.6387113217138993,
2023-09-07,106.13999938964844,107.69000244140625,105.08999633789062,106.58999633789062,106.58999633789062,49080100,112.9539075820541,107.12550010681153,101.29709263156896,-0.9725955522801684,-1.5054881678271532,46.88449217034498,47.10741875162755,-1,0,11.656814950485142,-1,-3.5054881678271532,
2023-09-08,107.0199966430664,109.73999786376953,105.75,106.08999633789062,106.08999633789062,46232000,112.58293288207572,106.91849975585937,101.25406662964302,-1.0090636224345246,-1.4062032587486275,46.13169453615824,46.97732218956497,0,0,11.328866252432704,-1,-2.4062032587486275,
2023-09-11,107.31999969482422,107.51000213623047,103.0,105.31999969482422,105.31999969482422,50611300,112.50348408636118,106.80599975585938,101.10851542535757,-1.0875604053649255,-1.3424746880718872,44.93512351742874,46.70502903328014,0,0,11.394968661003617,1,-0.3424746880718872,
2023-09-12,104.19999694824219,106.73999786376953,103.18000030517578,105.30999755859375,105.30999755859375,44413600,111.67922394346951,106.47249946594238,101.26577498841525,-1.1374647743075315,-1.301472705319016,44.918824700801736,46.46686845561636,0,0,10.413448955054264,-1,-2.301472705319016,
2023-09-13,105.0999984741211,108.73999786376953,104.83000183105469,107.70999908447266,107.70999908447266,44702300,111.03663113975847,106.29049949645996,101.54436785316145,-0.9721479641576138,-1.2356077570867356,49.63909725563644,46.88983229561904,1,0,9.492263286597023,-1,-1.2356077570867356,
2023-09-14,108.43000030517578,109.1500015258789,106.22000122070312,106.62999725341797,106.62999725341797,45920600,110.99365767376625,106.26249923706055,101.53134080035485,-0.9177016297464178,-1.172026531618672,47.659788062836306,46.99249306458134,0,0,9.462316873411396,-1,-2.172026531618672,
2023-09-15,106.06999969482422,106.76000213623047,101.27999877929688,101.48999786376953,101.48999786376953,71017600,111.23240947058211,106.11499900817871,100.99758854577532,-1.274614548344971,-1.1925441349639319,39.572444319996286,46.003153231969996,-1,-1,10.234820924806797,1,-1.1925441349639319,141.85671664590365
2023-09-18,100.81999969482422,102.98999786376953,99.44999694824219,102.37000274658203,102.37000274658203,49061300,111.32845493832477,105.9609992980957,100.59354365786663,-1.4695218352465957,-1.2479396750204645,41.40567063095195,45.390155551834255,0,0,10.734911280458135,1,-0.24793967502046454,
2023-09-19,101.75,102.86000061035156,100.69999694824219,101.61000061035156,101.61000061035156,41704100,111.2106676295554,105.63049926757813,100.05033090560086,-1.6661072380141633,-1.3315731876192043,40.26942838128267,44.707391929094044,0,0,11.160336723954543,1,-0.3315731876192043,
2023-09-20,102.36000061035156,103.94000244140625,100.27999877929688,100.33999633789062,100.33999633789062,55180600,111.40212793242465,105.36449890136718,99.32686987030972,-1.9024510455296308,-1.4457487592012896,38.3743499245922,43.8629863284938,0,0,12.075258062114926,1,-0.44574875920128965,
2023-09-21,98.5999984741211,98.87000274658203,95.83999633789062,96.11000061035156,96.11000061035156,59628600,111.66285299929413,104.69849891662598,97.73414483395783,-2.403375898110056,-1.637274186983043,32.832277798507384,42.392225191162275,0,0,13.928708165336303,1,-0.637274186983043,121.68998648888446
2023-09-22,96.91999816894531,98.41999816894531,95.61000061035156,96.19999694824219,96.19999694824219,52169400,112.2257566826793,104.41849861145019,96.61124054022108,-2.761270295278834,-1.862073408642201,33.053804782059366,41.14710246994856,0,0,15.614516142458228,1,-0.8620734086422011,
2023-09-25,95.94999694824219,97.44999694824219,94.45999908447266,97.37999725341797,97.37999725341797,43223700,112.52267673523609,104.1749984741211,95.8273202130061,-2.9160733422742027,-2.0728733953686014,36.03277059529002,40.465191553327415,0,0,16.695356522229986,1,-1.0728733953686014,
2023-09-26,96.5,97.83000183105469,95.2699966430664,95.95999908447266,95.95999908447266,42866500,112.91161668351587,103.84249839782714,94.77338011213841,-3.1174023829725,-2.281779192889381,34.06815074403989,39.612252778755746,0,0,18.138236571377462,1,-1.2817791928893811,
2023-09-27,96.81999969482422,99.2300033569336,96.3499984741211,98.06999969482422,98.06999969482422,51261500,112.80060427881709,103.44999847412109,94.09939266942509,-3.0712937207796074,-2.4396820984674266,39.35901476355454,39.578487710062255,0,0,18.701211609392004,1,-1.4396820984674266,
2023-09-28,97.94000244140625,104.19999694824219,97.76000213623047,102.76000213623047,102.76000213623047,72542100,112.50027575936375,103.25849876403808,94.01672176871242,-2.62603695341339,-2.476953069456619,49.13056422615441,40.852097912207874,1,0,18.48355399065133,-1,-2.476953069456619,-135.7007353245578
2023-09-29,104.69000244140625,104.94000244140625,102.55999755859375,102.81999969482422,102.81999969482422,56027300,112.28699307978106,103.11349868774414,93.94000429570723,-2.2424765816755468,-2.4300577719004046,49.24324148109555,41.97091705472623,0,1,18.34698878407383,-1,-3.4300577719004046,
2023-10-02,102.20999908447266,103.70999908447266,101.69999694824219,103.2699966430664,103.2699966430664,45118600,111.50770104884994,102.80449867248535,94.10129629612076,-1.8805138377855428,-2.320148985077432,50.1353804718138,43.05951217700457,0,0,17.406404752729173,-1,-3.320148985077432,
2023-10-03,101.80000305175781,103.29000091552734,99.16999816894531,100.08000183105469,100.08000183105469,48117000,110.22963000954987,102.26949882507324,94.30936764059662,-1.8299669569178292,-2.2221125794455117,44.20388535668271,43.21209526762832,0,0,15.920262368953246,-1,-3.2221125794455117,
2023-10-04,100.6500015258789,104.4000015258789,100.33999633789062,104.06999969482422,104.06999969482422,51023200,109.3514226072078,102.00899887084961,94.66657513449142,-1.4512199476533425,-2.067934053087078,51.873469032056995,44.36694510288548,0,0,14.68484747271637,-1,-3.067934053087078,
2023-10-05,103.41000366210938,103.73999786376953,100.2699966430664,102.91000366210938,102.91000366210938,51789700,108.87773042656833,101.82499923706055,94.77226804755277,-1.2304780148261756,-1.9004428454348976,49.73313199660724,45.08243668871505,0,0,14.105462379015563,-1,-2.9004428454348976,
2023-10-06,102.16000366210938,107.87000274658203,102.02999877929688,107.23999786376953,107.23999786376953,64807500,109.09042510152707,101.88249931335449,94.6745735251819,-0.6980968717114706,-1.6599736506902123,56.88445294072769,46.65603885565007,0,0,14.415851576345176,1,-0.6599736506902123,-85.54557850911895
2023-10-09,106.01000213623047,107.30999755859375,104.79000091552734,106.97000122070312,106.97000122070312,39593200,109.36366294966915,101.96499938964844,94.56633582962773,-0.2945718123452963,-1.386893283021229,56.34615285985228,47.94805405621036,0,0,14.797327120041416,1,-0.38689328302122905,
2023-10-10,107.48999786376953,110.12000274658203,106.4000015258789,109.01000213623047,109.01000213623047,57105500,110.04252344335723,102.14999961853027,94.25747579370332,0.1876723591927174,-1.0719801545784398,59.46715874938564,49.483934681967064,0,0,15.785047649653905,1,-0.07198015457843976,
2023-10-11,109.13999938964844,110.0999984741211,106.93000030517578,108.30999755859375,108.30999755859375,51085600,110.16089726466245,102.17999954223633,94.19910181981021,0.5075194519629633,-0.7560802332701592,57.93649607470197,50.61094286766505,0,0,15.961795444852243,1,0.24391976672984084,
2023-10-12,108.4000015258789,111.30999755859375,107.51000213623047,108.79000091552734,108.79000091552734,60959400,110.56000069262329,102.28799972534179,94.01599875806029,0.7906190721854927,-0.4467403721790288,58.72111421908481,51.692299047854355,0,0,16.544001934563,1,0.5532596278209712,
2023-10-13,108.6500015258789,108.97000122070312,104.75,105.08999633789062,105.08999633789062,52881500,110.81900412286386,102.46799964904785,94.11699517523185,0.7082538046602025,-0.21574153681118252,50.84764061015995,51.57967792282844,-1,0,16.70200894763201,1,-0.21574153681118258,
2023-10-16,105.41999816894531,107.4800033569336,105.02999877929688,106.45999908447266,106.45999908447266,42464500,111.20228763688638,102.67249946594238,94.14271129499838,0.7449393121137717,-0.023605367026191648,53.34223466409655,51.81468548833085,1,0,17.059576341888004,1,1.9763946329738085,
2023-10-17,103.54000091552734,106.29000091552734,101.66000366210938,105.13999938964844,105.13999938964844,49642100,111.4294776980103,102.84899940490723,94.26852111180416,0.6598930609633413,0.11309431857171495,50.67368624164853,51.66255225543988,-1,0,17.16095658620614,1,0.11309431857171492,
2023-10-18,103.37999725341797,104.77999877929688,101.73999786376953,102.16999816894531,102.16999816894531,50450000,111.4507467272419,102.94049949645996,94.43025226567802,0.3488180595675914,0.16023906677089023,45.19516512453377,50.80023397131907,0,0,17.020494461563885,-1,-0.8397609332291098,
2023-10-19,103.80999755859375,105.5999984741211,101.83999633789062,102.4000015258789,102.4000015258789,52734200,111.17686494240999,103.25499954223633,95.33313414206268,0.11947104068450187,0.15208546155361255,45.6849029315176,50.11818983267887,0,-1,15.843730800347316,-1,-0.8479145384463874,
2023-10-20,102.27999877929688,104.33999633789062,101.44000244140625,101.80999755859375,101.80999755859375,61285600,110.80902857704662,103.5354995727539,96.2619705684612,-0.1086441315080009,0.09993954294128986,44.5842963240532,49.380337364862115,0,0,14.547058008585424,-1,-0.9000604570587102,
2023-10-23,100.80999755859375,102.41999816894531,99.31999969482422,100.01000213623047,100.01000213623047,50817400,110.57661916920097,103.66699981689453,96.7573804645881,-0.42971811342560784,-0.005991988332089679,41.31420444111898,48.304852975029696,0,0,13.819238704612872,-1,-1.0059919883320896,129.479274750349
2023-10-24,100.97000122070312,101.79000091552734,99.37999725341797,101.66999816894531,101.66999816894531,51982900,109.98033767179088,103.95249977111817,97.92466187044546,-0.5439533945014574,-0.11358426956596322,45.29889389315813,47.904058430780154,0,0,12.055675801345416,-1,-1.1135842695659632,
2023-10-25,100.41999816894531,101.02999877929688,95.2300033569336,96.05999755859375,96.05999755859375,53424500,110.31976477107514,103.85199966430665,97.38423455753815,-1.0747764879706807,-0.30582271324690674,36.322900128995386,46.359903990542186,0,0,12.935530213536993,1,0.6941772867530933,109.80526621086905
2023-10-26,95.98999786376953,97.5199966430664,93.12000274658203,93.66999816894531,93.66999816894531,49896400,111.23981053635532,103.39749946594239,95.55518839552946,-1.669070583874685,-0.5784722873724625,33.29594581830762,44.61804290091091,0,0,15.684622140825866,1,0.4215277126275375,
2023-10-27,95.80000305175781,97.3499984741211,94.58999633789062,96.43000030517578,96.43000030517578,52458700,111.48847092896912,103.07799949645997,94.66752806395081,-1.8954937583010434,-0.8418765815581787,39.55987729270474,43.94362081981675,0,0,16.82094286501831,1,0.15812341844182132,
2023-10-30,96.13999938964844,97.04000091552734,94.69999694824219,96.18000030517578,96.18000030517578,43716600,111.65336279296588,102.72349967956544,93.79363656616499,-2.0712327837541693,-1.0877478219973769,39.20078604762921,43.311242850191746,0,0,17.859726226800888,1,-0.08774782199737685,
2023-10-31,96.23999786376953,98.81999969482422,94.06999969482422,98.5,98.5,79547100,111.69366888137111,102.64449958801269,93.59533029465427,-2.000245061274157,-1.270247269852733,44.257505751432966,43.43741123702391,1,0,18.098338586716835,1,0.729752730147267,102.61240345561814
2023-11-01,98.58000183105469,108.1500015258789,98.5,108.04000091552734,108.04000091552734,138641500,112.17818752112984,102.84299964904785,93.50781177696587,-1.1608073702146982,-1.248359289925126,59.26185938954474,45.54733765736002,0,1,18.670375744163977,1,-0.2483592899251259,
2023-11-02,107.95999908447266,109.41000366210938,105.91000366210938,107.83000183105469,107.83000183105469,71377000,112.67423867983132,103.08899955749511,93.50376043515891,-0.5066517572318645,-1.1000177833864737,58.886110735620214,47.32584073446138,0,0,19.17047824467241,1,-0.10001778338647371,
2023-11-03,109.05000305175781,113.38999938964844,107.86000061035156,112.25,112.25,65576600,113.58471495009175,103.33949966430664,93.09428437852154,0.3642295798897237,-0.8071683107312342,64.05242821518766,49.556052398558215,0,0,20.490430571570215,1,0.19283168926876582,
2023-11-06,112.5999984741211,113.08000183105469,110.22000122070312,111.75,111.75,49270400,114.36029663521069,103.57849960327148,92.79670257133228,1.0025072134762638,-0.4452332058897346,63.08668244004667,51.36013640409001,0,0,21.563594063878412,1,0.5547667941102654,
2023-11-07,111.86000061035156,114.6500015258789,111.22000122070312,113.44999694824219,113.44999694824219,50550200,115.18641431421412,103.80049934387208,92.41458437353003,1.6267699910636537,-0.030832566499056902,65.0179198678493,53.18117419925791,0,0,22.771829940684086,1,0.9691674335009431,-99.64727891403861
2023-11-08,113.55000305175781,115.31999969482422,112.87999725341797,113.58999633789062,113.58999633789062,41880600,116.08365113686695,104.06449928283692,92.04534742880689,2.108494112950936,0.3970327693909417,65.17948604592291,54.78094911214658,0,0,24.038303708060056,1,1.3970327693909417,
2023-11-09,114.0999984741211,115.80999755859375,113.05999755859375,113.48999786376953,113.48999786376953,61146900,116.85103461961539,104.29949913024902,91.74796364088265,2.4539077875714668,0.8084077730270468,64.94874360109056,56.13665504400578,0,0,25.103070978732745,1,1.8084077730270467,
2023-11-10,114.3499984741211,119.69999694824219,114.02999877929688,118.58999633789062,118.58999633789062,75135900,118.99010571940816,104.97449913024903,90.9588925410899,3.103403760921182,1.267406970605874,70.6545682209644,58.0723768009336,0,0,28.031213178318268,1,2.267406970605874,
2023-11-13,118.33999633789062,118.68000030517578,116.0,116.79000091552734,116.79000091552734,46741900,120.41916096893495,105.49099922180176,90.56283747466857,3.4333123244577024,1.7005880413762395,66.53768495173999,59.20108455437445,0,0,29.856323494266377,1,2.7005880413762395,
2023-11-14,119.69999694824219,122.11000061035156,119.22000122070312,119.87999725341797,119.87999725341797,61017400,122.41630818272998,106.22799911499024,90.0396900472505,3.8991570627359096,2.1403018456481737,69.7917424952288,60.6131722798217,0,0,32.376618135479475,1,3.1403018456481737,110.19545933134289
2023-11-15,120.54000091552734,120.58999633789062,116.87000274658203,118.0,118.0,59555600,123.87114564019058,107.01949920654297,90.16785277289537,4.069729004843765,2.526187277487292,65.61121342303173,61.279577765583035,0,0,33.703292867295204,1,3.526187277487292,
2023-11-16,117.19999694824219,120.7300033569336,116.41000366210938,119.83000183105469,119.83000183105469,49661900,125.48343458909736,107.89099922180176,90.29856385450617,4.302972364757764,2.8815442949413863,67.64298398303757,62.12803192791031,0,0,35.184870734591186,1,3.8815442949413863,
2023-11-17,119.63999938964844,121.48999786376953,118.81999969482422,120.62000274658203,120.62000274658203,38508900,127.02395421116933,108.83149948120118,90.63904475123303,4.499696182854876,3.2051746725240844,68.50798964584455,62.9786929569682,0,0,36.384909459936296,1,4.205174672524084,
2023-11-20,120.69999694824219,121.93000030517578,120.06999969482422,121.52999877929688,121.52999877929688,43138700,128.4283232785578,109.90749931335449,91.38667534815119,4.67513821750245,3.4991673815197575,69.51882129575628,63.85071006880661,0,0,37.04164793040661,1,4.499167381519758,
2023-11-21,120.54000091552734,120.6500015258789,117.94000244140625,119.16000366210938,119.16000366210938,41064800,129.31608709596563,110.7819995880127,92.24791208005976,4.5702554351002505,3.713384992235856,63.77717590992159,63.84090551428861,-1,0,37.068175015905865,1,3.713384992235856,
2023-11-22,120.0,124.76000213623047,119.94999694824219,122.51000213623047,122.51000213623047,56862200,130.0119874222021,112.10449981689453,94.19701221158695,4.703235977477405,3.911355189284166,67.82262234615366,64.37180109187061,1,0,35.81497521061516,-1,3.9113551892841656,
2023-11-24,122.02999877929688,123.25,121.54000091552734,122.30999755859375,122.30999755859375,19001000,129.8257564702584,113.53649978637695,97.24724310249552,4.737870100183912,4.076658171464115,67.33908351126797,64.76743874779025,0,0,32.57851336776288,-1,3.076658171464115,
2023-11-27,122.06999969482422,123.88999938964844,121.7699966430664,122.6500015258789,122.6500015258789,32743000,129.56312815762524,114.84749984741211,100.13187153719898,4.738135098552959,4.208953556881884,67.75988961857506,65.16643219722823,0,0,29.431256620426268,-1,3.208953556881884,
2023-11-28,121.9800033569336,122.54000091552734,120.79000091552734,122.01000213623047,122.01000213623047,32047100,128.40452098757956,116.13899993896484,103.87347889035013,4.633292794413691,4.293821404388245,66.03520590594498,65.2822686917238,0,0,24.53104209722943,-1,3.293821404388245,
2023-11-29,123.9800033569336,125.7300033569336,123.4800033569336,123.8499984741211,123.8499984741211,37876300,127.08543669892038,117.4064998626709,107.72756302642142,4.645130665197129,4.364083256550022,68.51630733394846,65.71347384402043,0,0,19.357873672498954,-1,3.364083256550022,
2023-11-30,123.61000061035156,124.05000305175781,119.6500015258789,121.16000366210938,121.16000366210938,44494200,126.85067223366244,118.0625,109.27432776633756,4.386882907557052,4.368643186751428,61.44906506664819,65.14488600703746,-1,0,17.576344467324873,-1,2.368643186751428,
2023-12-01,119.87999725341797,121.4000015258789,118.6500015258789,121.38999938964844,121.38999938964844,37017600,126.26824074440167,118.7404998779297,111.21275901145772,4.1529063132261115,4.3254958120463645,61.811757679141486,64.70046889665133,0,-1,15.055481732943946,-1,3.3254958120463645,
2023-12-04,119.75,119.9000015258789,116.37000274658203,118.56999969482422,118.56999969482422,39854400,125.9737214812641,119.0564998626709,112.1392782440777,3.6973075093828385,4.199858151513659,54.981538236502246,63.40461147529812,0,0,13.834443237186406,-1,3.1998581515136593,
2023-12-05,117.43000030517578,118.48999786376953,116.44999694824219,118.37999725341797,118.37999725341797,39191600,125.45618968548294,119.3879997253418,113.31980976520066,3.283065431166875,4.0164996074443025,54.54421049533044,62.22322467796909,0,0,12.13637992028228,-1,3.0164996074443025,
2023-12-06,120.69000244140625,122.83000183105469,116.37999725341797,116.81999969482422,116.81999969482422,60599000,125.12213636197752,119.5564998626709,113.99086336336428,2.7966586936321534,3.7725314246818726,50.96018910868821,60.72148660206498,0,0,11.131272998613241,-1,2.7725314246818726,
2023-12-07,120.79000091552734,128.67999267578125,119.55999755859375,128.3699951171875,128.3699951171875,118579100,126.39529757379933,120.29549980163574,114.19570202947216,3.3050671957107625,3.6790385788876505,67.81994523355777,61.66794775293069,1,0,12.199595544327167,1,5.679038578887651,174.8838159593485
2023-12-08,129.5399932861328,131.0,126.88999938964844,128.9199981689453,128.9199981689453,89273900,127.4262534570157,121.06699981689454,114.70774617677337,3.709603249095366,3.6851515129291936,68.37747368467953,62.5625512104972,0,1,12.718507280242335,1,4.685151512929194,
2023-12-11,130.55999755859375,135.0399932861328,128.25,134.41000366210938,134.41000366210938,98668300,130.36196523581467,121.85800018310547,113.35403513039627,4.4222219257135436,3.832565595486064,73.34221553118869,63.9998397865894,0,0,17.007930105418396,1,4.832565595486064,
2023-12-12,132.25,139.88999938964844,131.89999389648438,137.61000061035156,137.61000061035156,111677800,133.5042289688452,122.89900016784668,112.29377136684815,5.185416122060914,4.103135700801034,75.73368784333425,65.56435286082204,0,0,21.210457601997064,1,5.103135700801034,134.13826484651673
2023-12-13,137.97000122070312,139.24000549316406,136.02999877929688,138.19000244140625,138.19000244140625,70651600,136.2265264265836,123.81450042724609,111.40247442790859,5.77053518410311,4.436615597461449,76.1512975113878,66.97594548089748,0,0,24.824051998675017,1,5.436615597461449,
2023-12-14,138.88999938964844,141.82000732421875,135.72999572753906,138.0,138.0,76115200,138.3622820165051,124.81450042724609,111.26671883798707,6.14804382503138,4.778901242975435,75.69175063916639,68.13805283533334,0,0,27.095563178518034,1,5.778901242975435,
2023-12-15,139.52000427246094,140.88999938964844,137.25,139.14999389648438,139.14999389648438,70178600,140.4754649643446,125.78050003051757,111.08553509669052,6.465486930606033,5.116218380501555,76.61171687203037,69.26787470689294,0,0,29.38992986765409,1,6.116218380501555,
2023-12-18,139.14999389648438,139.7899932861328,137.64999389648438,138.89999389648438,138.89999389648438,45199500,142.24115488934146,126.69449958801269,111.1478442866839,6.6205721337701675,5.417089131155278,75.93887728917709,70.15734171786416,0,0,31.093310602657553,1,6.417089131155278,
2023-12-19,138.57000732421875,143.47000122070312,138.55999755859375,140.14999389648438,140.14999389648438,63739800,144.02998350440288,127.62549934387206,111.22101518334125,6.766344619055218,5.686940228735265,77.02535264446702,71.07307650807788,0,0,32.80896832106163,1,6.686940228735265,
2023-12-20,139.0,139.5800018310547,135.3699951171875,135.47000122070312,135.47000122070312,54671700,144.702034209804,128.44099922180175,112.1799642337995,6.43011174171987,5.8355745313321865,65.16175040394255,70.28489969419317,-1,0,32.5220699760045,-1,3.8355745313321865,
2023-12-21,138.13999938964844,139.97999572753906,137.3800048828125,139.91000366210938,139.91000366210938,47179400,146.06408634599703,129.3109992980957,112.55791225019438,6.447592026977048,5.957978030461159,69.89862544981989,70.23339646161007,0,0,33.50617409580265,1,6.957978030461159,
2023-12-22,140.47999572753906,140.6999969482422,138.30999755859375,139.60000610351562,139.60000610351562,35370400,147.1768646357485,130.1754997253418,113.17413481493512,6.363081424974752,6.038998709363877,69.19125557249295,70.09444434306113,0,0,34.002729820813386,1,7.038998709363877,
2023-12-26,140.07000732421875,143.85000610351562,139.9199981689453,143.41000366210938,143.41000366210938,47157400,148.77597193007554,131.21349983215333,113.65102773423112,6.528287095601826,6.136856386611467,72.83049596597093,70.45925122611577,1,0,35.12494419584442,1,8.136856386611466,
2023-12-27,144.72000122070312,146.25,143.17999267578125,146.07000732421875,146.07000732421875,49033400,150.57837985930882,132.41650009155273,114.25462032379666,6.795519328020902,6.268588974893354,75.04668693387777,71.07090932048403,0,0,36.32375953551217,1,7.268588974893354,113.47571777810658
2023-12-28,146.8000030517578,150.41000366210938,145.9499969482422,148.75999450683594,148.75999450683594,63800700,152.69864270706532,133.66199989318847,114.6253570793116,7.1420333670990885,6.443277853334501,77.08253216878398,71.8724590335907,0,0,38.07328562775372,1,7.443277853334501,
2023-12-29,149.5,151.0500030517578,147.1999969482422,147.41000366210938,147.41000366210938,62028200,154.00197172201516,134.97449989318847,115.94702806436177,7.224436454351945,6.59950957353799,73.82717897880192,72.13308835961887,0,0,38.05494365765338,-1,5.59950957353799,
