Date,Open,High,Low,Close,Adj Close,Volume,BB_upper,BB_mid,BB_lower,MACD,MACD_signal,RSI,RSI_ema,RSI_signal,MACD_flip,BB_width,BB_diverging,Signal,PnL,ROI
2021-01-04,92.11000061035156,96.05999755859375,90.91999816894531,92.30000305175781,92.30000305175781,51802600,,,,,,,,0,0,,0,,,
2021-01-05,92.0999984741211,93.20999908447266,91.41000366210938,92.7699966430664,92.7699966430664,34208000,,,,,,,,0,0,,0,,,
2021-01-06,91.62000274658203,92.27999877929688,89.45999908447266,90.33000183105469,90.33000183105469,51911700,,,,,,,,0,0,,0,,,
2021-01-07,91.33000183105469,95.51000213623047,91.19999694824219,95.16000366210938,95.16000366210938,42897200,,,,,,,,0,0,,0,,,
2021-01-08,95.9800033569336,96.4000015258789,93.2699966430664,94.58000183105469,94.58000183105469,39816400,,,,,,,,0,0,,0,,,
2021-01-11,94.02999877929688,99.2300033569336,93.76000213623047,97.25,97.25,48600200,,,,,,,,0,0,,0,,,
2021-01-12,97.86000061035156,98.97000122070312,94.06999969482422,95.36000061035156,95.36000061035156,67672300,,,,,,,,0,0,,0,,,
2021-01-13,93.01000213623047,93.88999938964844,90.83999633789062,91.77999877929688,91.77999877929688,60712900,,,,,,,,0,0,,0,,,
2021-01-14,91.7699966430664,92.36000061035156,90.44999694824219,90.79000091552734,90.79000091552734,53408200,,,,,,,,0,0,,0,,,
2021-01-15,90.75,91.58999633789062,87.86000061035156,88.20999908447266,88.20999908447266,49340300,,,,,,,,0,0,,0,,,
2021-01-19,89.55999755859375,89.58000183105469,87.23999786376953,89.44999694824219,89.44999694824219,45115100,,,,,,,,0,0,,0,,,
2021-01-20,90.55000305175781,90.77999877929688,88.5999984741211,88.75,88.75,35185800,,,,,,,,0,0,,0,,,
2021-01-21,89.33999633789062,92.06999969482422,88.43000030517578,91.52999877929688,91.52999877929688,54221900,,,,,,,,0,0,,0,,,
2021-01-22,94.41999816894531,95.94999694824219,91.87999725341797,92.79000091552734,92.79000091552734,71294700,,,,,,,,0,0,,0,,,
2021-01-25,94.13999938964844,95.73999786376953,91.4000015258789,94.12999725341797,94.12999725341797,55086900,,,,,,53.34551247664804,,0,0,,0,,,
2021-01-26,94.91000366210938,95.72000122070312,93.62999725341797,94.70999908447266,94.70999908447266,59449100,,,,,,54.38721466616824,,0,0,,0,,,
2021-01-27,91.0999984741211,91.87999725341797,86.22000122070312,88.83999633789062,88.83999633789062,73341200,,,,,,43.74223677083905,,0,0,,0,,,
2021-01-28,89.83000183105469,89.87999725341797,87.30000305175781,87.5199966430664,87.5199966430664,47048400,,,,,,41.762729805579355,,0,0,,0,,,
2021-01-29,87.55999755859375,88.33000183105469,85.0199966430664,85.63999938964844,85.63999938964844,56735800,,,,,,39.05210993433773,,0,0,,0,,,
2021-02-01,86.83000183105469,87.94999694824219,84.66000366210938,87.66000366210938,87.66000366210938,42359300,97.61777066762214,91.47749977111816,85.33722887461418,,,43.309740189011656,,0,0,12.280541793007956,0,,,
2021-02-02,88.48999786376953,89.27999877929688,86.94999694824219,88.86000061035156,88.86000061035156,33850000,97.53603321821183,91.30549964904785,85.07496607988386,,,45.734910956539906,,0,0,12.461067138327962,1,,,
2021-02-03,88.5999984741211,89.4800033569336,87.33999633789062,87.88999938964844,87.88999938964844,32312900,97.42432800501028,91.06149978637696,84.69867156774363,,,44.092887924851524,,0,0,12.72565643726665,1,,,
2021-02-04,88.22000122070312,88.5999984741211,87.05999755859375,87.83999633789062,87.83999633789062,30791600,97.44792730338301,90.93699951171875,84.4260717200545,,,44.00517893461867,,0,0,13.021855583328517,1,,,
2021-02-05,88.1500015258789,88.36000061035156,86.87999725341797,87.9000015258789,87.9000015258789,30268700,96.90985159229632,90.57399940490723,84.23814721751813,,,44.148756104972506,,0,0,12.671704374778187,-1,,,
2021-02-08,88.30999755859375,91.98999786376953,87.9800033569336,91.47000122070312,91.47000122070312,47639900,96.50103623540406,90.41849937438965,84.33596251337525,,,52.02963437070538,,0,0,12.165073722028808,-1,,,
2021-02-09,91.38999938964844,93.30000305175781,90.55000305175781,90.91000366210938,90.91000366210938,37596400,95.32737118463872,90.10149955749512,84.87562793035151,,,50.81829863876255,,0,0,10.451743254287209,-1,,,
2021-02-10,91.5,93.2699966430664,90.45999908447266,92.3499984741211,92.3499984741211,42441300,94.71544232953285,89.9509994506836,85.18655657183434,,,53.7971059498664,,0,0,9.528885757698504,-1,,,
2021-02-11,92.9000015258789,93.6500015258789,91.33000183105469,92.66000366210938,92.66000366210938,35571000,94.8417372485373,89.99499969482422,85.14826214111113,,,54.43690675298939,47.47594453399217,0,0,9.693475107426167,1,,,
2021-02-12,92.75,94.22000122070312,91.9000015258789,93.7699966430664,93.7699966430664,38538400,95.25533748341452,90.14399948120118,85.03266147898783,,,56.74648641862369,48.712016785276376,0,0,10.222676004426688,1,,,
2021-02-16,93.9000015258789,94.0,90.75,91.45999908447266,91.45999908447266,35105900,95.36796672471132,90.30649948120117,85.24503223769102,,,50.9574844267543,49.01141247080677,0,0,10.122934487020302,-1,,,
2021-02-17,90.55999755859375,90.95999908447266,88.56999969482422,89.94000244140625,89.94000244140625,32245500,95.38037539068094,90.33099975585938,85.28162412103782,,,47.52209413429787,48.81283669260558,-1,0,10.098751269643117,-1,,,
2021-02-18,89.08999633789062,89.5999984741211,87.30999755859375,88.63999938964844,88.63999938964844,35624900,95.38198642089341,90.3254997253418,85.26901302979019,,,44.74374474735788,48.27029109990588,0,0,10.112973391103225,1,,,
2021-02-19,89.75,90.41999816894531,88.69000244140625,89.58000183105469,89.58000183105469,29548300,95.26297978346943,90.22799987792969,85.19301997238995,,,47.149808587472705,48.12089343158146,0,0,10.069959811079485,-1,,,
2021-02-22,88.1500015258789,88.30000305175781,85.20999908447266,85.37000274658203,85.37000274658203,36930200,95.16809366882835,89.85699996948242,84.54590627013648,-0.979424990989969,-0.7885126580722973,38.96609712234408,46.90025392368314,0,0,10.622187398691864,1,1.1800659924836165,,
2021-02-23,83.4000015258789,85.11000061035156,79.36000061035156,84.73999786376953,84.73999786376953,49720900,94.76439839499692,89.3875,84.01060160500309,-1.2915069657009184,-0.8891115195980215,37.90581174071145,45.700994965953576,0,0,10.753796789993828,1,1.1514526585373812,,
2021-02-24,84.33000183105469,87.08999633789062,82.80999755859375,86.94000244140625,86.94000244140625,40821200,93.8815770930795,88.99900016784667,84.11642324261385,-1.3457986665809045,-0.9804489489945981,43.67002182004737,45.43019854649941,0,0,9.765153850465651,-1,-1.6832117382049177,,
2021-02-25,86.16999816894531,87.08999633789062,81.91999816894531,82.41999816894531,82.41999816894531,54625100,94.34183206151387,88.67800025939941,83.01416845728495,-1.733568303915888,-1.131072819978856,36.228821478039016,44.203348270704694,0,0,11.327663604228917,1,1.0826316064413608,-30.01367577315992,-0.034555516958265864
2021-02-26,83.56999969482422,85.58999633789062,82.91000366210938,84.51000213623047,84.51000213623047,48962900,94.46000735741521,88.52750053405762,82.59499371070004,-1.8508966969856147,-1.2750375953802078,41.21660082621737,43.805115278106385,0,0,11.86501364671517,1,1.041683705713873,,
2021-03-01,85.37000274658203,86.5,83.97000122070312,86.38999938964844,86.38999938964844,32746200,94.43315713267245,88.56500053405762,82.69684393544279,-1.7717565209472355,-1.3743813804936134,45.35673324882228,44.01199767420184,1,0,11.736313197229663,-1,-0.9997538335965372,,
2021-03-02,86.91999816894531,86.94999694824219,84.04000091552734,84.12999725341797,84.12999725341797,34828200,94.55945632800454,88.38850021362305,82.21754409924155,-1.8698462227139174,-1.4734743489376743,41.566712940639725,43.68595970972689,-1,0,12.341912228762993,1,0.18973823519853417,,
2021-03-03,84.27999877929688,84.37999725341797,80.8499984741211,80.86000061035156,80.86000061035156,43541000,94.96932381088543,87.98850021362304,81.00767661636065,-2.186242772858776,-1.6160280337218946,36.778075956447005,42.764908542622905,0,0,13.961647194524772,1,0.9446957961414674,-37.51342570892284,-0.04319017197508869
2021-03-04,80.2300033569336,81.80999755859375,76.77999877929688,77.75,77.75,60549400,95.76806401100342,87.48150024414062,79.19493647727782,-2.6573085770987888,-1.8242841423972735,32.896454520781276,41.44911467304402,0,0,16.573127533725597,1,0.8854615116426476,,
2021-03-05,79.0,79.4800033569336,74.19999694824219,78.5199966430664,78.5199966430664,58548900,96.17161955677224,87.01550025939942,77.85938096202659,-2.9346702746821194,-2.046361368854243,34.733120008123734,40.553648717721316,0,0,18.31223859474565,1,0.8222960866458435,,
2021-03-08,78.02999877929688,79.0,73.86000061035156,73.95999908447266,73.95999908447266,54563900,97.08065780178876,86.3185001373291,75.55634247286943,-3.4822934011132105,-2.3335477753060365,29.57117229093952,39.08931852748374,0,0,21.52431532891933,1,0.7406116577368423,-42.33901102919786,-0.0487459924826668
2021-03-09,76.7300033569336,79.22000122070312,75.7699966430664,78.52999877929688,78.52999877929688,45088300,96.67032535987009,85.67150001525879,74.67267467064748,-3.5071002236460345,-2.568258264974036,39.30645472333562,39.11827002026399,1,0,21.99765068922261,1,1.4693570588842757,,
2021-03-10,79.75,80.04000091552734,77.41000366210938,77.5199966430664,77.5199966430664,45416600,96.27063992989869,85.00199966430664,73.73335939871458,-3.567138785231208,-2.7680343690254707,38.05448242381065,38.97643167407021,-1,0,22.53728053118411,1,-0.17847346825842236,,
2021-03-11,79.4000015258789,81.88999938964844,79.37000274658203,81.2300033569336,81.2300033569336,43583700,95.29923373288966,84.44599990844726,73.59276608400486,-3.2775714385266923,-2.8699417829257152,44.98618181573511,39.77773169295887,1,0,21.706467648884797,-1,-1.4251360753290978,,
2021-03-12,79.7300033569336,81.19000244140625,79.2300033569336,81.05000305175781,81.05000305175781,32938000,94.12500038737872,83.8654998779297,73.60599936848067,-3.0277101919371603,-2.9014954647280042,44.724688622052334,40.43732595017133,0,0,20.519001018898052,-1,-2.229614994139143,,
2021-03-15,81.91000366210938,83.38999938964844,81.19999694824219,82.5,82.5,39086800,92.50745110529789,83.30200004577637,74.09654898625485,-2.681776863929599,-2.8575517445683234,47.37822635350461,41.36277933728243,0,1,18.410902119043044,-1,-2.2171160819178812,,
2021-03-16,83.66000366210938,84.75,82.26000213623047,82.75,82.75,42971600,91.27673430444848,82.86650009155274,74.45626587865699,-2.3602418990925713,-2.758089775473173,47.84313025658379,42.22682612652262,0,0,16.82046842579149,-1,-2.18882611428299,,
2021-03-17,81.75,83.25,80.41000366210938,82.62999725341797,82.62999725341797,43320600,90.25999315455591,82.50099983215333,74.74200650975074,-2.091002565695831,-2.6246723335177045,47.62562275563979,42.94666567707157,0,0,15.517986644805177,-1,-2.1508781915826107,,
2021-03-18,81.05999755859375,81.62000274658203,78.01000213623047,78.12000274658203,78.12000274658203,51036500,89.41787834528859,81.975,74.5321216547114,-2.2160026205235113,-2.5429383909188656,40.22425230184283,42.58367722704107,-1,0,14.885756690577182,-1,-2.9231347116517292,,
2021-03-19,78.48999786376953,79.33999633789062,77.58999633789062,79.05999755859375,79.05999755859375,42283400,88.11398068960885,81.44899978637696,74.78401888314507,-2.2136982041679403,-2.4770903535686806,42.23908802906614,42.53773200064441,0,0,13.329961806463785,-1,-2.1089014493741693,,
2021-03-22,79.98999786376953,81.2699966430664,79.22000122070312,80.30000305175781,80.30000305175781,39648600,87.62621572817423,81.19549980163575,74.76478387509727,-2.0877476026777657,-2.3992218033904975,44.87856557916344,42.84984314444695,1,0,12.861431853076965,-1,-1.2912491926613234,,
2021-03-23,80.12999725341797,80.33999633789062,77.94999694824219,78.37999725341797,78.37999725341797,40466600,87.2038200971459,80.87749977111817,74.55117944509044,-2.1184392167319146,-2.343065286058781,41.70100344893109,42.69666451837817,-1,0,12.652640652055453,-1,-2.8662848049083003,,
2021-03-24,77.55000305175781,78.80000305175781,76.4000015258789,76.4800033569336,76.4800033569336,43753600,86.3080718771071,80.35449981689453,74.40092775668197,-2.2699100603203135,-2.328434240911087,38.77521045167293,42.17380397615081,0,0,11.90714412042513,-1,-2.066619191601965,-22.673527540320812,-0.026104615487447688
2021-03-25,75.8499984741211,76.94999694824219,74.95999908447266,76.22000122070312,76.22000122070312,44735100,86.17851820343655,80.04449996948242,73.91048173552828,-2.3834567884114364,-2.339438750411157,38.37839073333542,41.66774887710876,0,-1,12.268036467908274,1,0.7389360877016022,,
2021-03-26,76.62000274658203,77.5,75.02999877929688,77.41000366210938,77.41000366210938,49148700,85.56504701177191,79.68950004577637,73.81395307978083,-2.350327029756272,-2.3416164062801803,41.33746280477343,41.62371073413071,0,0,11.751093931991079,-1,-2.0703685948667716,,
2021-03-29,77.02999877929688,78.0199966430664,76.26000213623047,77.13999938964844,77.13999938964844,37144300,84.32475245024786,79.22700004577636,74.12924764130487,-2.319125114883647,-2.3371181480008736,40.85805220345425,41.521622930040515,0,1,10.195504808942985,-1,-2.0690891552750097,,
2021-03-30,76.47000122070312,76.55999755859375,74.8499984741211,76.0,76.0,39169300,83.57454483575091,78.82050018310547,74.06645553046002,-2.359190516196051,-2.3415326216399093,38.81141010074302,41.160261219467515,0,-1,9.508089305290895,-1,-2.0703447640017374,,
2021-03-31,76.56999969482422,79.12999725341797,76.5199966430664,78.5,78.5,43659500,83.36446070641799,78.70250015258789,74.04053959875779,-2.1642652264414295,-2.3060791426002134,45.28427411790333,41.71012960592562,1,1,9.323921107660198,-1,-1.2647566258726644,,
2021-04-01,80.16000366210938,81.30999755859375,79.4800033569336,81.08999633789062,81.08999633789062,40182400,83.62143607478988,78.86949996948242,74.11756386417495,-1.7802725966715514,-2.200917833414481,51.06032421233745,42.956822220113864,0,0,9.50387221061493,1,0.7783355917959018,,
2021-04-05,81.73999786376953,81.9000015258789,80.38999938964844,81.43000030517578,81.43000030517578,32610600,83.89178366373278,79.01500015258789,74.138216641443,-1.4320128398128986,-2.0471368346941645,51.77996508972643,44.13324126939554,0,0,9.753567022289786,1,0.8220755208988256,,
2021-04-06,81.20999908447266,82.45999908447266,80.87999725341797,81.44000244140625,81.44000244140625,29327900,83.78092848159565,79.38900032043458,74.9970721592735,-1.1420426281039653,-1.8661179933761247,51.80241804189322,45.15579817239523,0,0,8.783856322322151,-1,-1.9351225824071814,,
2021-04-07,81.31999969482422,83.0999984741211,80.3499984741211,82.19999694824219,82.19999694824219,35590900,84.10980204669976,79.57250022888184,75.03519841106392,-0.8412169160704224,-1.6611377779149843,53.57144114701479,46.277883902344506,0,0,9.074603635635839,1,0.9318652317071365,68.14495585306825,0.07845704056371436
2021-04-08,83.31999969482422,83.79000091552734,82.44000244140625,83.3499984741211,83.3499984741211,41925300,84.58189847290383,79.86400032043457,75.14610216796531,-0.504202724622786,-1.4297507672565446,56.19166074781155,47.59972081507345,0,0,9.43579630493852,1,0.9976786386023833,,
2021-04-09,82.80000305175781,83.58999633789062,82.16000366210938,82.76000213623047,82.76000213623047,32759900,84.79223463575393,79.94050025939941,75.0887658830449,-0.2814796018716521,-1.2000965341795662,54.49253666451062,48.51876292833174,0,0,9.703468752709028,1,1.0629991915742263,,
2021-04-12,82.05999755859375,82.18000030517578,78.02999877929688,78.58000183105469,78.58000183105469,62098800,84.67522099448465,79.81700019836425,74.95877940224386,-0.43722100181715007,-1.047521427707083,44.27734575647485,47.95324063875082,-1,0,9.716441592240784,1,0.3108920235784238,-49.706624216180124,-0.05722851506166995
2021-04-13,79.66999816894531,80.72000122070312,78.9800033569336,80.19000244140625,80.19000244140625,37767300,84.40650584266203,79.70150032043458,74.99649479820712,-0.42582494451771424,-0.9231821310692092,48.297609080238416,47.999156430949164,1,0,9.410011044454905,-1,-0.8714192321480909,,
2021-04-14,79.87999725341797,80.12999725341797,77.94000244140625,78.55000305175781,78.55000305175781,34263800,84.00450350351512,79.49150047302246,74.97849744252979,-0.5428698658132731,-0.847119678018022,44.75542807828013,47.56665931725996,-1,0,9.026006060985338,-1,-2.440792999145379,,
2021-04-15,80.31999969482422,83.94999694824219,79.97000122070312,83.01000213623047,83.01000213623047,68942800,84.07905526962446,79.51050071716308,74.9419461647017,-0.27260177329985424,-0.7322160970743885,54.523482745575244,48.49423577436867,1,0,9.137109104922757,1,1.9915825283648512,-30.544331663288894,-0.03516647473461239
2021-04-16,83.30000305175781,83.58999633789062,81.52999877929688,82.1500015258789,82.1500015258789,47280600,84.37204119026579,79.71200065612793,75.05196012199006,-0.12635073214730141,-0.611043024088971,52.59244611245796,49.04066381944724,0,0,9.320081068275726,1,1.2305436800584664,,
2021-04-19,82.12999725341797,83.18000030517578,80.38999938964844,81.11000061035156,81.11000061035156,39115500,84.5027640075183,79.81450080871582,75.12623760991335,-0.09328972470919439,-0.5074923642130157,50.27362742627998,49.20505896702494,0,0,9.376526397604948,1,1.2599965940024886,,
2021-04-20,80.81999969482422,81.11000061035156,78.51000213623047,79.2699966430664,79.2699966430664,34977800,84.45142849358413,79.76300048828125,75.07457248297837,-0.21310503849743156,-0.4486148990698989,46.377604906899776,48.82806509234158,-1,0,9.376856010605763,1,0.4812390061046061,-30.450010059230507,-0.03505787984562898
2021-04-21,78.98999786376953,81.66000366210938,78.86000061035156,81.61000061035156,81.61000061035156,35069000,84.63372248618721,79.92450065612793,75.21527882606865,-0.11788190474754856,-0.3824683002054288,51.522793943258534,49.187362272463844,1,0,9.418443660118555,1,2.0910612934024915,,
2021-04-22,81.61000061035156,81.79000091552734,78.58999633789062,79.05999755859375,79.05999755859375,38846100,84.51295855484777,80.05350036621094,75.59404217757411,-0.24535254876181511,-0.3550451499167061,46.30818573792687,48.80347206785891,-1,0,8.91891637727366,-1,-2.3008322422793706,-27.13932934005014,-0.03124620797312389
2021-04-23,80.20999908447266,83.30000305175781,79.95999908447266,82.76000213623047,82.76000213623047,49194000,84.62136570611707,80.3805004119873,76.13963511785752,-0.04726961068503499,-0.2934900420703719,53.64000722332916,49.448343421921614,1,0,8.481730588259552,-1,-0.6923159127609322,,
2021-04-26,83.3499984741211,85.9000015258789,82.69999694824219,85.41000366210938,85.41000366210938,57594500,85.32355542412861,80.7805004119873,76.237445399846,0.3198583925584444,-0.1708203551446086,58.057599518563244,50.596244234807166,0,0,9.086110024282618,1,1.3557562127468916,-27.811692759008224,-0.032020317272548685
2021-04-27,85.66999816894531,87.1500015258789,85.12999725341797,85.20999908447266,85.20999908447266,61909900,85.79502436671349,81.18400039672852,76.57297642674355,0.5878944015268246,-0.019077403810321965,57.61139989904655,51.53159832337242,0,0,9.22204793996994,1,1.3989164600366188,,
2021-04-28,88.8499984741211,89.19999694824219,83.91999816894531,84.0199966430664,84.0199966430664,108920300,85.69013622046826,81.58500022888184,77.47986423729542,0.6962655026687656,0.12399117748549557,54.90747756437404,51.98171555550597,0,0,8.210271983172845,-1,-1.3690758356379036,,
2021-04-29,84.69999694824219,85.2699966430664,82.62999725341797,83.91000366210938,83.91000366210938,51294500,85.822507221112,81.85550041198731,77.88849360286261,0.7644626175877391,0.2520854655059443,54.65215167523998,52.33777370480384,0,0,7.934013618249395,-1,-1.3326419775986937,,
2021-04-30,82.97000122070312,84.0999984741211,81.41999816894531,81.62000274658203,81.62000274658203,46601900,85.83525590864119,81.88200073242187,77.92874555620256,0.6265034452162439,0.3269690614480042,49.49209399391063,51.95834974335141,-1,0,7.90651035243863,-1,-2.1068469417512254,-36.59360847461901,-0.04213116273281137
2021-05-03,81.97000122070312,82.0,78.45999908447266,78.55000305175781,78.55000305175781,66323300,85.94809154312703,81.73800086975098,77.52791019637492,0.26637587359770976,0.3148504238779453,43.555015102870335,50.837905124620605,0,-1,8.420181346752116,1,1.493895551277548,,
2021-05-04,77.94999694824219,78.66999816894531,77.04000091552734,78.61000061035156,78.61000061035156,59194300,86.02186978951335,81.59650077819825,77.17113176688315,-0.014024850188235405,0.24907536906470917,43.6971652069672,49.88580646893348,0,0,8.850738022630196,1,1.4751871525923224,,
2021-05-05,79.05000305175781,79.30000305175781,77.36000061035156,77.83000183105469,77.83000183105469,42310200,86.08516403750936,81.37800102233886,76.67083800716837,-0.29577432443522866,0.1401054303647216,42.208931266873684,48.86222310865884,0,0,9.414326030340987,1,1.4441928331851763,,
2021-05-06,77.62999725341797,78.05999755859375,76.47000122070312,77.88999938964844,77.88999938964844,38661300,85.95420141861908,81.10500106811523,76.25580071761138,-0.508361436912594,0.01041205690925848,42.37151589265223,47.99679547985796,0,0,9.6984007010077,1,1.407304147279461,,
2021-05-07,78.75,79.56999969482422,78.22000122070312,78.80999755859375,78.80999755859375,36954200,85.79261303777545,80.90750083923339,76.02238864069133,-0.5957348313660304,-0.11081732074579932,44.929939034903626,47.58788128719738,0,0,9.770224397084121,1,1.3728228756792704,,
2021-05-10,78.19999694824219,78.30000305175781,75.91999816894531,75.98999786376953,75.98999786376953,45134500,86.026824962845,80.77800064086914,75.52917631889328,-0.882358009725877,-0.26512545854181485,39.18711796605301,46.4677795110448,0,0,10.49764864395172,1,1.3289330124102903,-28.307168585851674,-0.03259077133709917
2021-05-11,73.56999969482422,76.93000030517578,72.75,76.83000183105469,76.83000183105469,51008200,86.13136378133474,80.61000061035156,75.08863743936838,-1.029856103532353,-0.4180715875399225,41.582365396279286,45.8163909624094,0,0,11.042726341966357,1,1.285430545300483,,
2021-05-12,75.08999633789062,76.12999725341797,74.16000366210938,74.63999938964844,74.63999938964844,42531400,86.46528838471625,80.4145004272461,74.36371246977595,-1.3083820857033714,-0.5961336871726123,37.44180160580649,44.69977904819568,0,0,12.101575914940298,1,1.2347843427223837,-24.75799937614436,-0.028504521530820153
2021-05-13,75.20999908447266,75.69999694824219,72.5,73.08999633789062,73.08999633789062,48646800,86.62747293222141,79.9185001373291,73.2095273424368,-1.6353370777359402,-0.8039743652852779,34.80055417863988,43.37988239892157,0,0,13.417945589784608,1,1.1756682191375356,,
2021-05-14,74.0199966430664,75.02999877929688,72.72000122070312,74.58999633789062,74.58999633789062,38355800,86.54916951181085,79.54049987792969,72.53183024404854,-1.753203956647667,-0.9938202835577556,39.26564370803882,42.83131724013721,0,0,14.01733926776231,1,1.1216703450515442,,
2021-05-17,74.22000122070312,75.5199966430664,73.41000366210938,74.6500015258789,74.6500015258789,40779200,86.49725695753911,79.21749992370606,71.93774288987301,-1.8207835310364402,-1.1592129330534926,39.444302134837066,42.37971522609719,0,0,14.5595140676661,1,1.0746277141459841,,
2021-05-18,74.73999786376953,75.7699966430664,74.23999786376953,74.44000244140625,74.44000244140625,31982500,86.54738841456242,78.97600021362305,71.40461201268369,-1.8697328848769104,-1.301316923418176,39.01179006151584,41.930658537486345,0,0,15.142776401878734,1,1.0342090765020824,,
2021-05-19,73.16000366210938,76.97000122070312,72.76000213623047,76.2300033569336,76.2300033569336,73966200,86.26722413826556,78.70700035095214,71.14677656363872,-1.7439839251385933,-1.3898503237622595,44.58915738377189,42.28512505032442,1,0,15.120447574626837,-1,-1.0041536650939142,,
2021-05-20,76.80999755859375,78.2699966430664,76.25,78.05999755859375,78.05999755859375,49135000,86.22045094120571,78.65700035095215,71.09354976069858,-1.4796057562637372,-1.4078014102625551,49.65785328360728,43.2681554814288,0,0,15.126901180507133,1,1.0039216941603586,,
2021-05-21,78.55000305175781,78.80999755859375,77.04000091552734,77.16999816894531,77.16999816894531,40201100,85.72383350709376,78.37750015258788,71.03116679808201,-1.326607361518768,-1.3915626005137978,47.387517381069586,43.81740373471424,0,1,14.692666709011746,-1,-1.8001447931358336,,
2021-05-24,77.26000213623047,78.01000213623047,76.80000305175781,77.44000244140625,77.44000244140625,33194300,84.58338983098722,77.97900009155273,71.37461035211825,-1.1700799893539653,-1.3472660782818313,48.16183195260555,44.396660830433085,0,0,13.208779478868962,-1,-1.787545533421985,,
2021-05-25,77.33000183105469,78.7699966430664,76.83999633789062,77.86000061035156,77.86000061035156,47353100,83.3231638434171,77.61150016784669,71.89983649227626,-1.000606211481582,-1.2779341049217814,49.409107538817295,45.064987058217646,0,0,11.423327351140841,-1,-1.7678254404028872,,
2021-05-26,77.83000183105469,78.58999633789062,77.58999633789062,78.33999633789062,78.33999633789062,30354000,82.24612331639526,77.32750015258789,72.40887698878052,-0.8181344333279554,-1.1859741706030162,50.86418332357694,45.83821322693222,0,0,9.837246327614736,-1,-1.7416692765017296,62.38830052522759,0.07182925520654794
2021-05-27,78.11000061035156,78.43000030517578,77.47000122070312,78.41999816894531,78.41999816894531,35883200,80.98546629443747,77.0529998779297,73.12053346142191,-0.6594668322023409,-1.080672702922881,51.116544422510465,46.54199071967599,0,0,7.864932833015558,-1,-1.7117183802980984,,
2021-05-28,78.66000366210938,81.08999633789062,78.66000366210938,80.08000183105469,80.08000183105469,40952700,80.59561600146714,76.97599983215332,73.3563836628395,-0.39521737300742643,-0.9435816369397901,56.149182797138884,47.82294966333771,0,0,7.23923233862763,-1,-1.6727255687242168,-18.385862611091397,-0.021168116562985898
2021-06-01,81.01000213623047,82.91000366210938,80.66000366210938,80.80999755859375,80.80999755859375,43433000,81.02536284708765,77.08899955749511,73.15263626790258,-0.12544714183441386,-0.7799547379187148,58.18778709237409,49.204927987209224,0,0,7.87272657918507,1,1.1825001216926938,,
2021-06-02,81.0,82.5999984741211,80.66000366210938,81.97000122070312,81.97000122070312,35203200,81.69368827591174,77.25699958801269,72.82031090011364,0.1798768031199387,-0.5879884297109841,61.26910495987878,50.813484916898496,0,0,8.8733773757981,1,1.2371010982829627,,
2021-06-03,81.12999725341797,81.88999938964844,80.26000213623047,80.27999877929688,80.27999877929688,29812000,82.00402321316214,77.3794994354248,72.75497565768747,0.2822258324378737,-0.4139455772812125,54.919160927021984,51.360908384914964,0,0,9.249047555474675,1,1.286604106388626,,
2021-06-04,80.91999816894531,82.19000244140625,80.80999755859375,81.58000183105469,81.58000183105469,26387800,82.53660260068703,77.56399955749512,72.59139651430321,0.4629015167167836,-0.2385761584816133,58.483589240960896,52.31059916572109,0,0,9.94520608638382,1,1.336484429763727,,
2021-06-07,81.4000015258789,81.68000030517578,80.37999725341797,81.3499984741211,81.3499984741211,29006800,82.90813678128897,77.69099960327148,72.47386242525398,0.5808334629153364,-0.07469423420222333,57.6156036875226,53.01793310196129,0,0,10.43427435603499,1,1.3830973650995686,,
2021-06-08,81.87000274658203,82.6500015258789,80.44999694824219,80.88999938964844,80.88999938964844,26956600,83.26952184862081,77.93599967956543,72.60247751051004,0.6299160184358641,0.06622781632539415,55.83092205063894,53.39299829511831,0,0,10.66704433811077,1,1.4231798235984046,,
2021-06-09,81.08999633789062,81.68000030517578,79.80000305175781,79.95999908447266,79.95999908447266,28454600,83.47052505070808,78.09249954223633,72.71447403376457,0.5870044234201401,0.17038313774434335,52.30346369241408,53.24772701475774,-1,0,10.756051016943502,1,0.6573006162541504,,
2021-06-10,80.0199966430664,81.70999908447266,79.69999694824219,81.55999755859375,81.55999755859375,28606400,83.77376436080296,78.4384994506836,73.10323454056423,0.6743299247089851,0.2711724951372717,57.301721176539644,53.788259569661996,1,0,10.670529820238727,-1,-0.5317089486361999,,
2021-06-11,81.61000061035156,82.33000183105469,80.69999694824219,81.30999755859375,81.30999755859375,24310900,83.71952729682508,78.84949951171875,73.97947172661242,0.7151196487990035,0.35996192586961806,56.3088035823746,54.124332104690346,0,0,9.740055570212661,-1,-1.3019586762321635,,
2021-06-14,81.51000213623047,81.55000305175781,80.19999694824219,81.55000305175781,81.55000305175781,27830200,83.78690330641629,79.1974998474121,74.60809638840792,0.7580736355173912,0.4395842677991727,57.07774616898648,54.5181206465965,0,0,9.178806918008377,-1,-1.2793116937051385,,
2021-06-15,81.58999633789062,81.68000030517578,80.22000122070312,80.47000122070312,80.47000122070312,26194300,83.60089620132446,79.48849983215332,75.37610346298219,0.6969340359047322,0.4910542214202846,52.592257315049395,54.261338869056885,-1,0,8.224792738342273,-1,-2.060176200087735,,
2021-06-16,80.75,81.44999694824219,78.95999908447266,80.11000061035156,80.11000061035156,29598300,83.17348508782743,79.77199974060059,76.37051439337375,0.6123723745744059,0.5153178520511088,51.14932389543716,53.846403539240924,0,0,6.802970694453677,-1,-1.2577707905151767,,
2021-06-17,80.7699966430664,85.37000274658203,80.56999969482422,84.55999755859375,84.55999755859375,77822800,83.78739531998039,80.1884994506836,76.5896035813868,0.8941272696930582,0.5910797355794987,64.21797039612284,55.229279120158516,1,0,7.197791738593594,1,2.367967558922132,,
2021-06-18,84.27999877929688,85.7699966430664,83.4800033569336,84.6500015258789,84.6500015258789,58736800,84.46675464874353,80.51799964904785,76.56924464935217,1.111865725997447,0.6952369336630884,64.42526515747834,56.45541059180116,0,0,7.89750999939136,1,1.602088885357597,,
2021-06-21,83.48999786376953,84.19000244140625,82.20999908447266,82.58999633789062,82.58999633789062,44417100,84.51937668583874,80.78899955749512,77.0586224291515,1.105456800971922,0.7772809071248551,56.375144841265104,56.444708491729685,-1,0,7.460754256687238,-1,-1.9787647445486005,,
2021-06-22,82.9000015258789,84.04000091552734,82.4800033569336,83.58000183105469,83.58000183105469,32107700,84.68117734629307,81.09599952697754,77.510821707662,1.1668125622901186,0.8551872381579078,59.02498255798263,56.788745033896745,1,0,7.170355638631065,-1,-0.3655976366577711,,
2021-06-23,83.83000183105469,84.48999786376953,83.16000366210938,83.81999969482422,83.81999969482422,25992400,84.84189473634518,81.39399948120118,77.94610422605717,1.220731434936539,0.928296077513634,59.664608415094236,57.172193484723074,0,0,6.895790510288009,-1,-1.140307394821963,,
2021-06-24,84.38999938964844,87.13999938964844,84.37000274658203,86.0999984741211,86.0999984741211,42217700,85.5035185820937,81.7819995880127,78.06048059393169,1.4309443410856346,1.0288257302280341,65.21926861853495,58.245136835897995,0,0,7.443037988162018,1,1.6969715459769201,,
2021-06-25,86.33999633789062,86.36000061035156,85.0999984741211,85.62000274658203,85.62000274658203,27804500,85.88589430055805,82.14199981689453,78.398105333231,1.5410437469419378,1.1312693335708148,63.24465341327965,58.91173904621555,0,0,7.487788967327049,1,1.7261095798338255,,
2021-06-28,86.37999725341797,88.0,86.1500015258789,87.08000183105469,87.08000183105469,30262000,86.68164795778243,82.49199981689453,78.30235167600664,1.7262093765372413,1.2502573421641001,66.56099873091529,59.93164033750885,0,0,8.379296281775794,1,1.759953338837068,67.39140880701763,0.07758946246613459
2021-06-29,87.41000366210938,90.30000305175781,86.66000366210938,89.5199966430664,89.5199966430664,46181000,88.03702345364336,82.92749977111816,77.81797608859297,2.0462537223175588,1.4094566181947918,71.23255438220625,61.43842887680184,0,0,10.219047365050386,1,1.8052343885425888,,
2021-06-30,90.81999969482422,94.33999633789062,90.5999984741211,93.93000030517578,93.93000030517578,70721500,90.50435775419265,83.5254997253418,76.54664169649095,2.6254767500650615,1.6526606445688459,77.38268129018766,63.56432919858661,0,0,13.957716057701703,1,1.8744089091899263,,
2021-07-01,94.04000091552734,94.18000030517578,91.69999694824219,93.30999755859375,93.30999755859375,58059000,92.17995380615946,84.17699966430663,76.17404552245381,2.9999050940137977,1.9221095344578363,74.95645576916338,65.08327940799686,0,0,16.00590828370565,1,1.95104825630485,,
2021-07-02,93.27999877929688,95.2699966430664,92.20999908447266,94.69999694824219,94.69999694824219,51316700,93.95022197400377,84.83299942016602,75.71577686632827,3.3699568237004343,2.211678992306356,76.7188290208408,66.63468602304272,0,0,18.234445107675498,1,2.033410496516995,,
2021-07-06,94.87999725341797,95.41000366210938,93.31999969482422,94.47000122070312,94.47000122070312,44930100,95.36576542483164,85.48899955749512,75.6122336901586,3.6031320886517904,2.4899696115754426,75.76870173693685,67.85255478489528,0,0,19.753531734673032,1,2.112564696698623,,
2021-07-07,95.0199966430664,95.44000244140625,90.30999755859375,90.54000091552734,90.54000091552734,51498500,95.84528518638679,85.97149963378907,76.09771408119134,3.4312536298543392,2.678226415231222,61.70610674520075,67.03302837960267,-1,0,19.747571105195448,-1,-1.438078818166273,,
2021-07-08,87.86000061035156,90.33999633789062,87.44999694824219,89.73999786376953,89.73999786376953,45673500,96.05986649919485,86.4604995727539,76.86113264631295,3.193670506954234,2.781315233575824,59.293607210511,66.00110555705712,0,0,19.1987338528819,-1,-0.6132531606384007,,
2021-07-09,90.04000091552734,91.26000213623047,88.52999877929688,90.9000015258789,90.9000015258789,35278400,96.4361453196472,86.92749977111816,77.41885422258913,3.0636706827768023,2.8377863234160197,61.63577458028576,65.41906142682093,0,0,19.017291097058063,-1,-0.5971910886884891,,
2021-07-12,91.22000122070312,91.9000015258789,89.6500015258789,90.80999755859375,90.80999755859375,28526600,96.68772091872523,87.40249977111816,78.11727862351108,2.919725539005043,2.8541741665338245,61.340862770930386,64.87530160603552,0,0,18.57044229521415,-1,-0.5925298945091856,,
2021-07-13,90.4800033569336,91.41000366210938,89.83000183105469,90.26000213623047,90.26000213623047,30367600,96.79564513598112,87.8379997253418,78.88035431470249,2.7298005004881674,2.8292994333246932,59.46833950386134,64.15437332574562,0,-1,17.91529082127863,-1,-0.5996050148171265,,
2021-07-14,90.76000213623047,91.4000015258789,88.94000244140625,89.05000305175781,89.05000305175781,28108500,96.56998464214391,88.26699981689453,79.96401499164514,2.4533658510313785,2.75411271686603,55.45738806335048,62.994775290759605,0,0,16.605969650498764,-1,-0.6209903724019389,,
2021-07-15,89.77999877929688,89.77999877929688,86.18000030517578,86.93000030517578,86.93000030517578,38944700,96.05948417575246,88.60799980163574,81.15651542751903,2.039710384054061,2.6112322503036363,49.19655211716268,61.15501220094668,0,0,14.902968748233434,-1,-0.6616298631689222,-25.12932857826896,-0.02893204239291298
2021-07-16,87.31999969482422,88.02999877929688,85.68000030517578,85.88999938964844,85.88999938964844,35860700,96.00301755673898,88.67449989318848,81.34598222963798,1.609413744197255,2.41086854908236,46.42750563793225,59.191344659211424,0,0,14.657035327101,-1,-0.7186193102342066,,
2021-07-19,84.98999786376953,87.2300033569336,84.23999786376953,86.58000183105469,86.58000183105469,39244800,95.93395943213275,88.77099990844727,81.60804038476178,1.308988779587466,2.190492595183381,48.498674803987576,57.76565534518158,0,0,14.325919047370974,-1,-0.7813008422813583,,
2021-07-20,87.08999633789062,87.7699966430664,85.16999816894531,87.11000061035156,87.11000061035156,28089000,95.63134315341338,88.99700012207032,82.36265709072725,1.1009749489158764,1.9725890659298801,50.09466281198862,56.74285634075585,0,0,13.268686062686129,-1,-0.8432791425924345,,
2021-07-21,87.25,89.48999786376953,86.9000015258789,89.41000366210938,89.41000366210938,29469900,95.43991944270125,89.28850021362305,83.13708098454485,1.1089304538129312,1.7998573435064904,56.40796515369478,56.69820418248104,0,0,12.302838458156401,-1,-0.8924092259934784,-35.59609713123801,-0.040982702264230925
2021-07-22,89.4000015258789,91.36000061035156,89.08000183105469,91.20999908447266,91.20999908447266,33730100,95.3193930876302,89.65800018310547,83.99660727858074,1.2461153935781937,1.689108953520831,60.60793361035635,57.219501439531086,1,0,11.322785809049464,-1,-0.12840528512608662,,
2021-07-23,91.3499984741211,92.37000274658203,90.19000244140625,92.1500015258789,92.1500015258789,31708900,95.47371021346812,89.96050033569335,84.44729045791858,1.4143816762577046,1.6341634980682058,62.632690918692134,57.94126003675256,0,0,11.02641975554954,-1,-0.9395375260602661,,
2021-07-26,92.01000213623047,92.75,91.12000274658203,91.81999969482422,91.81999969482422,27668500,95.46036022398458,90.27050018310547,85.08064014222636,1.5037709918198203,1.6080849968185287,61.43876133148225,58.40759354271652,0,0,10.379720081758222,-1,-0.9469550341091373,,
2021-07-27,92.94000244140625,94.0999984741211,89.0999984741211,91.02999877929688,91.02999877929688,69427000,95.45379326345864,90.46800003051757,85.48220679757651,1.4936483484509893,1.5851976671450208,58.56082767331635,58.42802476012983,0,0,9.971586465882126,-1,-0.9534648772341333,,
2021-07-28,93.44000244140625,98.70999908447266,89.6500015258789,97.93000030517578,97.93000030517578,140561000,96.81365000758993,90.88850021362305,84.96335041965617,2.0191233410560443,1.6719828019272254,71.2347847280764,60.13559275585604,0,1,11.850299587933762,1,1.879904710361748,-63.99244336912789,-0.07367614612603499
2021-07-29,96.58000183105469,105.73999786376953,96.58000183105469,102.94999694824219,102.94999694824219,164091800,99.18421755636943,91.33950004577636,83.49478253518329,2.8082658926458635,1.899239420070953,76.79531035055297,62.35688843514896,0,0,15.689435021186142,1,1.9445433097237879,,
2021-07-30,101.5999984741211,106.97000122070312,101.37999725341797,106.19000244140625,106.19000244140625,125632000,102.14280930943723,91.98350028991699,81.82419127039675,3.65299891807382,2.249991319671526,79.54383389982405,64.6484811637723,0,0,20.318618039040473,1,2.0443076716990105,,
2021-08-02,105.93000030517578,110.33000183105469,103.83000183105469,108.62999725341797,108.62999725341797,115581900,105.13858818989652,92.68000030517578,80.22141242045504,4.467840630486137,2.6935611818344483,81.33667031833645,66.87357305104752,0,0,24.917175769441485,1,2.1704722465466872,,
2021-08-03,108.1500015258789,114.8499984741211,107.66000366210938,112.55999755859375,112.55999755859375,157723100,108.76165301416219,93.58450012207031,78.40734722997843,5.3688381146353095,3.2286165683946204,83.79949423174115,69.13036254180666,0,0,30.354305784183765,1,2.3226580488826656,81.077223793594,0.0933462932998722
2021-08-04,114.36000061035156,122.48999786376953,114.16000366210938,118.7699966430664,118.7699966430664,225368700,113.6342588196294,94.99599990844726,76.35774099726513,6.508949026452171,3.8846830600061306,86.77032014973005,71.48235688952978,0,0,37.27651782236427,1,2.5092630395426734,,
2021-08-05,116.62999725341797,117.68000030517578,111.58999633789062,112.3499984741211,112.3499984741211,137860900,116.0508497579428,96.12649993896484,76.20215011998688,6.815885652985955,4.470923578602095,72.05862679520044,71.55919287695254,0,0,39.84869963795592,1,2.6760074288627376,-46.949389809508524,-0.0540540401650344
2021-08-06,110.55000305175781,116.26000213623047,109.69999694824219,110.11000061035156,110.11000061035156,143899000,117.74937817192696,97.08699989318848,76.42462161444999,6.799999868083674,4.936738836498411,67.74291225865919,71.05035546118009,-2,0,41.324756557476974,1,1.217491051227295,,
2021-08-09,111.30999755859375,112.33000183105469,107.05999755859375,107.58000183105469,107.58000183105469,115749900,118.86020841556532,97.92550010681153,76.99079179805773,6.508237599876338,5.251038589173996,63.14300213393413,69.99604168421396,0,0,41.869416617507596,1,2.897895539477756,-19.957003743772038,-0.02297701176344401
2021-08-10,107.9000015258789,109.16999816894531,104.36000061035156,106.4800033569336,106.4800033569336,113012300,119.67725137023879,98.73650016784669,77.79574896545458,6.11773181232104,5.424377233803405,61.19730936039494,68.82287737437143,0,0,41.881502404784214,1,2.947198249760425,,
2021-08-11,107.5999984741211,109.79000091552734,105.62000274658203,107.68000030517578,107.68000030517578,91788300,120.459245462409,99.66800003051758,78.87675459862615,5.837788495294802,5.507059486101684,62.55293437288415,67.98688497417312,0,0,41.58249086378285,-1,0.16203027067171183,,
2021-08-12,107.38999938964844,108.44000244140625,105.86000061035156,106.5,106.5,60578700,120.77930794273458,100.6465000152588,80.51369208778301,5.4578011029634155,5.49720780947403,60.32124031875087,66.96479902011683,0,-1,40.26561585495156,-1,0.1592281583117694,,
2021-08-13,107.16999816894531,111.70999908447266,106.56999969482422,110.55000305175781,110.55000305175781,100135700,121.25251776338354,101.87950019836425,82.50648263334497,5.4209701860010995,5.481960284779444,64.94405573528375,66.69536658213909,0,0,38.746035130038564,-1,0.15489130489888958,,
2021-08-16,110.19999694824219,111.58000183105469,105.87000274658203,107.4800033569336,107.4800033569336,73325400,121.10151614647535,102.9245002746582,84.74748440284105,5.085436355905031,5.402655499004561,59.30380169914535,65.70982459773992,0,0,36.354031743634295,-1,0.1323346448681879,,
2021-08-17,106.63999938964844,108.69999694824219,105.3499984741211,107.55999755859375,107.55999755859375,74053900,120.69512746036904,103.9470001220703,87.19887278377158,4.770981338658444,5.276320666935338,59.40273918034884,64.86887987542111,0,0,33.49625467659746,-1,0.09640122888103075,,
2021-08-18,107.3499984741211,108.06999969482422,103.2699966430664,103.44000244140625,103.44000244140625,79387900,120.02113538477363,104.64850006103515,89.27586473729667,4.1415827107989145,5.049373075708053,52.3444345562149,63.19895383286028,0,0,30.745270647476957,-1,0.03185052604410532,-24.797474392267507,-0.02854997013229705
2021-08-19,103.31999969482422,106.18000030517578,101.9800033569336,103.69999694824219,103.69999694824219,71117500,119.3733257044275,105.27299995422364,91.17267420401977,3.6220069064879112,4.763899841864025,52.72617382256334,61.80258316482069,0,0,28.20065150040773,-1,-0.049346625184114146,,
2021-08-20,104.31999969482422,105.9800033569336,103.98999786376953,104.6500015258789,104.6500015258789,55227600,118.6609029985995,105.89799995422364,93.13509690984777,3.2494392550986078,4.461007724510941,54.17075554008098,60.78500614818873,0,0,25.52580608875172,-1,-0.13549822940768608,,
2021-08-23,105.30000305175781,109.0199966430664,104.86000061035156,108.7699966430664,108.7699966430664,68835300,117.792233476804,106.74549980163575,95.69876612646749,3.2491714548957447,4.218640470587902,59.89450860218836,60.666273142055346,0,0,22.09346735033651,-1,-0.2044347468687573,-42.46498566255695,-0.048891030318493754
2021-08-24,109.44999694824219,109.61000061035156,107.27999877929688,107.6500015258789,107.6500015258789,51239300,115.94526987094065,107.57649993896484,99.20773000698904,3.1225897051617864,3.9994303175026786,57.781829243462646,60.28168062224299,0,0,16.73753986395161,-1,-0.26678469019320517,,
2021-08-25,108.12999725341797,109.91000366210938,107.44999694824219,108.30000305175781,108.30000305175781,45485500,115.1981431072768,108.09500007629394,100.99185704531108,3.03968287532453,3.8074808290670488,58.692493914942915,60.069789061269645,0,0,14.206286061965727,-1,-0.32138088273573495,,
2021-08-26,108.56999969482422,109.2300033569336,106.83999633789062,107.2699966430664,107.2699966430664,51442500,115.02739281610836,108.31100006103516,101.59460730596196,2.8579213677749493,3.617568936808629,56.608710519453574,59.60831192236083,0,0,13.432785510146402,-1,-0.37539752180239194,,
2021-08-27,108.01000213623047,111.77999877929688,107.80000305175781,111.4000015258789,111.4000015258789,61030000,115.34255241243187,108.57150001525879,101.80044761808571,3.0124058027365237,3.496536309994208,62.376674169378475,59.97742688862985,1,0,13.542104794346159,1,3.194366565522767,-30.25652307266404,-0.0348351133009367
2021-08-30,112.61000061035156,114.48999786376953,111.26000213623047,111.31999969482422,111.31999969482422,56130500,115.58240582244281,108.7060001373291,101.82959445221539,3.092729293146661,3.4157749066246987,62.20418033533838,60.27432734819099,0,0,13.75281137022742,1,2.3758914945835428,,
2021-08-31,111.26000213623047,111.26000213623047,109.02999877929688,110.72000122070312,110.72000122070312,49339000,115.32903420934198,108.61400032043457,101.89896643152716,3.0725528983170562,3.3471305049631703,60.84520179666505,60.35044394132086,0,0,13.430067777814827,-1,-0.4523183243336574,,
2021-09-01,111.30000305175781,111.8499984741211,109.8499984741211,109.98999786376953,109.98999786376953,38579600,113.08118198535641,108.17500038146973,103.26881877758305,2.9634964477029655,3.2704036935111294,59.151950218828375,60.19064477832186,-1,0,9.812363207773359,-1,-1.2696458363033223,,
2021-09-02,110.31999969482422,110.87999725341797,108.7699966430664,109.19999694824219,109.19999694824219,40090500,112.5667194262811,108.01750030517579,103.46828118407048,2.7812613042714673,3.172575215663197,57.29376112437862,59.80439362446276,0,0,9.09843824221062,-1,-0.5019670848571023,-16.541124075543493,-0.01904422163487124
2021-09-03,108.8499984741211,111.16999816894531,108.5,109.91999816894531,109.91999816894531,42605800,112.54046327964161,108.00800018310547,103.47553708656932,2.6642251917898108,3.0709052108885198,58.57112406108628,59.63995768267923,0,0,9.064926193072296,-1,-0.5308850840751083,,
2021-09-07,109.95999908447266,110.58000183105469,108.66000366210938,109.1500015258789,109.1500015258789,28815200,112.64092325167972,108.08650016784668,103.53207708401364,2.4807444575861837,2.9528730602280526,56.620658944290724,59.23738451756076,0,0,9.108846167666087,1,2.244228323505913,,
2021-09-08,108.87999725341797,109.30000305175781,105.5199966430664,106.16999816894531,106.16999816894531,43067900,112.6492351771997,108.07099990844726,103.49276463969483,2.071000087983677,2.7764984657791776,49.719891305832306,57.96838542266364,0,0,9.156470537504873,1,2.1940620980232612,,
2021-09-09,106.55999755859375,107.30000305175781,105.83999633789062,106.1500015258789,106.1500015258789,31857900,112.64684346847494,107.99449996948242,103.3421564704899,1.7247789825748896,2.56615456913832,49.67613956395984,56.86275264150313,0,0,9.304686997985044,1,2.1342339839983504,,
2021-09-10,106.98999786376953,106.98999786376953,104.9800033569336,105.19999694824219,105.19999694824219,32602300,112.69841409046424,107.92949981689453,103.16058554332483,1.3580836888667847,2.324540393084013,47.53600470151505,55.619186249504715,0,0,9.537828547139412,1,2.0655116644737044,,
2021-09-13,105.26000213623047,105.27999877929688,102.62999725341797,104.80000305175781,104.80000305175781,37767800,112.43754576167285,107.64199981689453,102.8464538721162,1.0234017241181732,2.064312659290845,46.625197743505645,54.41998778203817,0,0,9.591091889556651,1,1.9914950907653435,,
2021-09-14,105.5199966430664,106.81999969482422,104.41999816894531,105.7300033569336,105.7300033569336,40629500,112.42199747281998,107.55449981689453,102.68700216096909,0.8237118703933533,1.8161925015113467,49.068646792214885,53.70647565006173,0,0,9.734995311850895,1,1.920922274873963,,
2021-09-15,106.0,106.31999969482422,104.02999877929688,105.5999984741211,105.5999984741211,37998900,112.39796993958922,107.4564998626709,102.51502978575257,0.6475019160496203,1.5824543844190013,48.73279352912495,53.04331803393683,0,0,9.882940153836643,1,1.8544401427812716,,
2021-09-16,104.91999816894531,106.75,103.76000213623047,106.22000122070312,106.22000122070312,38150300,112.2236936243129,107.59549980163574,102.96730597895858,0.5515256533589366,1.3762686382069884,50.47379514140857,52.700714981599724,0,0,9.256387645354323,-1,-1.0128905604416707,,
2021-09-17,105.55999755859375,105.9800033569336,103.70999908447266,103.87999725341797,103.87999725341797,44528300,112.20296232083716,107.60449981689453,103.0060373129519,0.28337839997614367,1.1576905905608195,44.35198018593414,51.58755034217764,0,0,9.196925007885255,-1,-1.0750607140175807,,
2021-09-20,101.58000183105469,102.51000213623047,99.51000213623047,101.55000305175781,101.55000305175781,45228400,112.61044279931167,107.44949989318847,102.28855698706528,-0.11580634625364894,0.9029912031979258,39.24752451472634,49.94221356518413,0,0,10.321885812246393,1,1.6611804317508574,66.13788221518821,0.07614624505654512
2021-09-21,102.1500015258789,103.43000030517578,101.18000030517578,102.81999969482422,102.81999969482422,35481500,112.64918288132623,107.15200004577636,101.6548172102265,-0.32592792409501214,0.6572073777393382,43.09204200002938,49.028857356496836,0,0,10.994365671099729,1,1.5912721388559972,,
2021-09-22,102.81999969482422,104.55999755859375,102.20999908447266,104.37999725341797,104.37999725341797,34126300,112.60982428902084,106.98849983215332,101.36717537528581,-0.36239456389377267,0.45328698941271606,47.48789647104113,48.82339590510274,0,0,11.242648913735025,1,1.5332710632857371,,
2021-09-23,104.88999938964844,106.86000061035156,103.88999938964844,106.1500015258789,106.1500015258789,32816700,112.48007747693805,106.88099975585938,101.2819220347807,-0.24563851848118645,0.31350188783393557,52.01681449530463,49.24918505046299,1,0,11.198155442157343,-1,-0.5196691995714326,,
2021-09-24,105.19000244140625,106.05000305175781,104.68000030517578,105.80000305175781,105.80000305175781,26482600,112.42279255080487,106.80750007629395,101.19220760178302,-0.1792837911678049,0.21494475203358746,51.07870943286341,49.493121634783044,0,0,11.230584949021846,1,1.465479381270747,,
2021-09-27,105.06999969482422,108.44000244140625,103.44000244140625,108.16000366210938,108.16000366210938,51944300,111.89661177873651,106.64550018310547,101.39438858747442,0.06300880787975416,0.1845575632028208,56.74356796795531,50.459847812539344,0,0,10.50222319126209,-1,-1.3518489386913295,,
2021-09-28,106.83999633789062,107.6500015258789,101.41999816894531,101.5199966430664,101.5199966430664,74469000,111.39932883802155,106.15550003051757,100.9116712230136,-0.27756602695399124,0.09213284517145838,42.00555341754629,49.332608559873606,-1,0,10.487657615007947,-1,-2.173641406192286,,
2021-09-29,102.30000305175781,102.66000366210938,99.80999755859375,100.3499984741211,100.3499984741211,52224700,111.02181246504139,105.63699989318847,100.25218732133555,-0.634568204167465,-0.053207364696326295,40.03251066528116,48.09259550726128,0,0,10.769625143705838,1,1.3892088753423977,-20.865142824483968,-0.024022575647094275
2021-09-30,102.08000183105469,104.44000244140625,101.98999786376953,102.9000015258789,102.9000015258789,57636700,110.40129287337282,105.28250007629394,100.16370727921506,-0.7036201713122381,-0.18328992601950866,45.98729347855152,47.81188857009998,0,0,10.237585594157764,-1,-1.4564757991823034,,
2021-10-01,102.5999984741211,103.0,100.63999938964844,102.44999694824219,102.44999694824219,41491600,109.87264384843904,104.94500007629395,100.01735630414886,-0.7856000529458527,-0.30375195140477745,45.13550977589273,47.45503806420568,0,0,9.855287544290178,-1,-1.4907388127782097,,
2021-10-04,101.73999786376953,101.8499984741211,99.81999969482422,100.33999633789062,100.33999633789062,41967100,109.22572681262677,104.46599998474122,99.70627315685566,-1.009195734790012,-0.44484070808182435,41.275128158011995,46.63105007671319,0,0,9.519453655771116,-1,-1.5308686875067343,,
2021-10-05,100.91999816894531,102.87000274658203,100.61000061035156,101.80999755859375,101.80999755859375,31455200,108.47382990693744,104.09899978637695,99.72416966581646,-1.0556116760672154,-0.5669949016789025,44.81626551059171,46.389078801230326,0,0,8.749660241120978,-1,-1.5656130045031302,,
2021-10-06,100.44999694824219,103.72000122070312,100.3499984741211,103.63999938964844,103.63999938964844,39071700,108.24560867568364,103.97249984741211,99.69939101914058,-0.9339646272849649,-0.640388846800115,48.94377348141413,46.72970475858816,1,0,8.546217656543064,-1,-0.7909843389711422,,
2021-10-07,104.5999984741211,107.94999694824219,104.45999908447266,106.44999694824219,106.44999694824219,41543100,108.29306052864311,103.98749961853028,99.68193870841745,-0.6038542894932846,-0.6330819353387489,54.56356475862955,47.77421942526035,0,1,8.611121820225662,1,1.2242751525837288,-29.96499461921112,-0.034499469093501156
2021-10-08,106.55000305175781,107.27999877929688,104.88999938964844,105.05999755859375,105.05999755859375,30623000,108.27860145842568,103.98049964904786,99.68239783967003,-0.4492224457880667,-0.5963100374286124,51.54138095992118,48.27650762988179,0,0,8.596203618755652,-1,-1.5739511084952036,,
2021-10-11,104.62000274658203,107.19999694824219,104.0199966430664,104.68000030517578,104.68000030517578,31284400,108.26834140743034,103.97449951171875,99.68065761600715,-0.3532659679921011,-0.5477012235413101,50.71439166303426,48.60155883430212,0,0,8.587683791423188,-1,-1.5601253036760094,,
2021-10-12,105.16999816894531,106.04000091552734,104.33999633789062,105.04000091552734,105.04000091552734,34039900,108.18770666415182,103.93999938964843,99.69229211514505,-0.24534257096729561,-0.4872294930265072,51.50820710484059,48.98911193704058,0,0,8.495414549006767,-1,-1.5429253295084653,,
2021-10-13,106.27999877929688,109.87999725341797,106.25,109.16000366210938,109.16000366210938,55631900,108.89448897168833,104.11799964904785,99.34151032640736,0.17066991156826816,-0.35564961210755214,59.53987270146796,50.395880038964236,0,0,9.552978645280973,1,1.3031852276253262,-33.89603575209742,-0.03902537786781293
2021-10-14,110.5,112.22000122070312,109.62999725341797,111.98999786376953,111.98999786376953,46900200,110.23675768249548,104.40649948120117,98.57624127990685,0.7204151842106938,-0.14043665284390294,63.95601356209354,52.20389784204814,0,0,11.660516402588627,1,1.3643982491205415,,
2021-10-15,112.51000213623047,112.83999633789062,111.11000061035156,112.12000274658203,112.12000274658203,34203000,111.53840447202288,104.81849975585938,98.09859503969588,1.1532881926396783,0.11830831625281332,64.14959714104867,53.796657748581545,0,0,13.439809432326996,1,1.437993080069792,,
2021-10-18,111.9000015258789,116.87999725341797,111.37000274658203,116.43000030517578,116.43000030517578,47537800,113.79485961260926,105.56249961853027,97.33013962445128,1.8231082957395017,0.459268312150151,69.91787589000002,55.94615350077068,0,0,16.46471998815798,1,1.5349723308978231,,
2021-10-19,116.16000366210938,117.16999816894531,114.47000122070312,116.33000183105469,116.33000183105469,39593900,115.59909523323705,106.2379997253418,96.87690421744654,2.3191428766343876,0.8312432250469983,69.63791395636429,57.77172156151649,0,0,18.722191015790514,1,1.6407731544947948,,
2021-10-20,116.29000091552734,118.30000305175781,115.41999816894531,116.38999938964844,116.38999938964844,34244800,117.13946543710975,106.83849983215332,96.53753422719689,2.6861311099112584,1.2022208020198504,69.71626505377175,59.36432736048386,0,0,20.601931209912863,1,1.7462903058372594,,
2021-10-21,116.5,119.68000030517578,116.26000213623047,119.33000183105469,119.33000183105469,34794900,119.1373231608567,107.49749984741212,95.85767653396753,3.1775764320504862,1.5972919280259776,73.34599818697941,61.228550137349934,0,0,23.27964662688916,1,1.8586603852743706,,
2021-10-22,120.83000183105469,121.55999755859375,118.37000274658203,119.81999969482422,119.81999969482422,38992700,120.97787310446934,108.19849967956543,95.41912625466152,3.565488392294455,1.990931220879673,73.90732405800787,62.91905332677099,0,0,25.558746849807818,1,1.9706232084113164,,
2021-10-25,120.5199966430664,123.45999908447266,118.5999984741211,122.36000061035156,122.36000061035156,47834100,123.10023343561954,108.90849952697754,94.71676561833553,4.031396828569896,2.3990243424177176,76.65220141142777,64.75013973805856,0,0,28.383467817284014,1,2.0866971340068243,80.42691811519018,0.09259757964453792
2021-10-26,122.98999786376953,127.19999694824219,122.58000183105469,122.93000030517578,122.93000030517578,59458900,124.98646220735671,109.978999710083,94.9715372128093,4.395953022634117,2.7984100784609973,77.23106011462319,66.41426245493385,0,0,30.014924994547414,1,2.2002944179666155,,
2021-10-27,121.62999725341797,128.0800018310547,121.05000305175781,122.27999877929688,122.27999877929688,98245300,126.31144617224662,111.0754997253418,95.83955327843698,4.579625668082883,3.1546531963853743,74.9490518718644,67.55223437719125,0,0,30.47189289380964,1,2.301620647156712,,
2021-10-28,122.86000061035156,123.5,120.26000213623047,121.16000366210938,121.16000366210938,58002500,127.34335174029793,111.98849983215332,96.63364792400871,4.581994931743367,3.4401215434569727,71.05326076086862,68.0190378950149,0,0,30.70970381628922,1,2.382816408440261,,
2021-10-29,120.94999694824219,122.56999969482422,119.87999725341797,120.2300033569336,120.2300033569336,43320100,127.97710476524729,112.87750015258788,97.77789553992848,4.4574466674548745,3.643586568256553,67.89728559883123,68.00280425552374,-2,0,30.19920922531881,-1,-1.9590055372901345,-19.07687274943692,-0.021963694310090296
2021-11-01,119.44999694824219,125.66999816894531,118.12999725341797,125.2300033569336,125.2300033569336,54559800,128.98410000753094,114.12200050354004,99.25990099954913,4.707929404351859,3.8564551354756142,74.46431153217519,68.86433855907727,1,0,29.72419900798181,-1,0.48805298428994126,,
2021-11-02,124.9800033569336,128.4600067138672,124.19999694824219,127.62999725341797,127.62999725341797,53491900,130.25858534573212,115.41300048828126,100.5674156308304,5.041977450308622,4.093559598442216,76.90630866302057,69.93660123960304,0,0,29.69116971490172,-1,-0.24001149903782348,,
2021-11-03,127.75,130.60000610351562,126.79000091552734,130.52999877929688,130.52999877929688,59537800,131.96094367239306,116.75750045776367,101.55405724313427,5.477576725412575,4.370363023836288,79.46210519026296,71.20666843302436,0,0,30.40688642925879,1,2.647404990508135,,
2021-11-04,132.00999450683594,139.0,130.77000427246094,137.5,137.5,84825200,135.23054996365266,118.31000061035157,101.38945125705045,6.312447175360234,4.758779854141077,84.03524507567872,72.9171453187116,0,0,33.84109870660221,1,2.757882388634626,85.10162322743732,0.09797968788752776
2021-11-05,139.19000244140625,141.22000122070312,134.4199981689453,136.33999633789062,136.33999633789062,64920600,137.37897813267446,119.8740005493164,102.36902296595835,6.8020753306169155,5.167438949436244,80.81019897958508,73.96955247349473,0,0,35.00995516671611,1,2.8741172941445363,,
2021-11-08,137.6999969482422,153.60000610351562,137.6999969482422,150.16000366210938,150.16000366210938,141493800,142.71537296950083,122.14800071716309,101.58062846482532,8.210621331902516,5.776075425929498,87.14155273568156,75.72581917511964,0,0,41.13474450467551,1,3.0472317657164467,88.04136908348148,0.10136429291056093
2021-11-09,154.00999450683594,155.64999389648438,143.88999938964844,148.9199981689453,148.9199981689453,98442600,146.4456993166005,124.34200057983398,102.23830184306748,9.121696862436238,6.4451997132308465,84.4492618234365,76.88894486156188,0,0,44.20739747353302,1,3.2375507851736844,,
2021-11-10,143.92999267578125,146.3000030517578,138.52000427246094,139.8699951171875,139.8699951171875,82989200,147.81531177732563,125.87750015258788,103.93968852785015,9.009613950749085,6.9580825607344945,67.9490389734752,75.69695740981699,-2,0,43.87562324947548,-1,-1.0162634499755665,-52.78341630328235,-0.06077090493575519
2021-11-11,142.9600067138672,146.47000122070312,140.83999633789062,146.00999450683594,146.00999450683594,67934800,150.2100023428902,127.57849998474121,104.94699762659224,9.308926561555893,7.428251360898774,71.95295813451392,75.19775750644325,0,0,45.26300471629796,1,3.517160162998767,,
2021-11-12,146.02999877929688,148.58999633789062,144.25,147.88999938964844,147.88999938964844,52162100,152.47778402321558,129.36699981689452,106.25621561057345,9.587318010115439,7.8600646907421075,73.06258139555776,74.9130673583252,0,0,46.22156841264213,1,3.639980827386542,,
2021-11-15,148.0,148.97999572753906,142.86000061035156,146.49000549316406,146.49000549316406,52271300,154.32716488615085,130.87000007629393,107.41283526643701,9.58449335829738,8.204950424253163,70.81575143781114,74.36675856892332,0,0,46.91432961971384,1,3.7380766757547734,,
2021-11-16,145.92999267578125,153.0800018310547,145.33999633789062,152.4499969482422,152.4499969482422,53100800,156.92572114289194,132.6759998321533,108.42627852141466,9.948496230260417,8.553659585454614,74.42192938836753,74.37411467818255,1,0,48.499442621477286,1,4.632764126821479,,
2021-11-17,151.97999572753906,154.66000366210938,149.69000244140625,151.33999633789062,151.33999633789062,54527500,158.7639218577498,134.42349967956542,110.08307750138104,10.031763431909866,8.849280354745664,72.62210660696552,74.14051360202028,-2,0,48.680844356368766,1,2.330335226024369,,
2021-11-18,157.07000732421875,158.88999938964844,152.55999755859375,155.02000427246094,155.02000427246094,60612700,161.0876873780101,136.20799980163574,111.32831222526139,10.276241064086292,9.13467249661379,74.79816804062767,74.22820086050126,1,0,49.7593751527487,1,4.798021627770641,,
2021-11-19,155.75999450683594,156.9199981689453,153.4499969482422,155.41000366210938,155.41000366210938,41668900,163.01473418649005,137.9875,112.96026581350998,10.38178627064562,9.384095251420156,75.0247269909607,74.33440434456251,0,0,50.05446837298007,1,4.073460836161775,,
2021-11-22,157.13999938964844,161.8800048828125,152.38999938964844,152.52000427246094,152.52000427246094,58674100,164.20705985601128,139.49550018310546,114.78394051019964,10.115626167543297,9.530401434644784,70.0026636601377,73.75683891997254,-2,0,49.42311934581164,-1,-0.2846187987428246,,
2021-11-23,150.41000366210938,152.66000366210938,145.3000030517578,149.9199981689453,149.9199981689453,62852700,164.72443591617366,140.84500007629396,116.96556423641427,9.584410486854523,9.54120324508673,65.73919160801036,72.68781927837757,0,0,47.758871679759395,-1,1.3094617705147185,,
2021-11-24,149.4600067138672,157.92999267578125,147.19000244140625,157.8000030517578,157.8000030517578,60677100,165.99135158260987,142.621000289917,119.2506489972241,9.68759619221612,9.57048183451261,71.42041182408254,72.5188316178049,0,0,46.74070258538576,-1,1.3177894796359908,70.13476197934602,0.08074795554060436
2021-11-26,155.8000030517578,158.10000610351562,152.80999755859375,154.80999755859375,154.80999755859375,36245100,166.03940471132069,144.30349998474122,122.56759525816176,9.419520780241697,9.540289623658428,66.8880679551738,71.76806312945409,0,-1,43.471809453158926,-1,1.3092019091740235,,
2021-11-29,157.5,162.50999450683594,156.10000610351562,161.91000366210938,161.91000366210938,57438900,166.41669060768533,146.3875,126.35830939231465,9.668527473929743,9.56593719371269,71.51128957461013,71.7338266554749,0,1,40.05838121537067,-1,1.3164968474640002,,
2021-11-30,163.27999877929688,164.4600067138672,155.67999267578125,158.3699951171875,158.3699951171875,75182500,166.19316319905317,148.04449958801268,129.8958359769722,9.4710416950428,9.546958093978713,66.52395479468971,71.03917707403687,0,-1,36.29732722208098,-1,1.3110986221714773,,
2021-12-01,160.3699951171875,160.8800048828125,148.9199981689453,149.11000061035156,149.11000061035156,64039100,164.66316967182848,149.11849975585938,133.57382983989027,8.469695250126875,9.331505525208346,55.600422317290324,68.980676439804,0,0,31.08933983193822,-1,1.2498174485448317,-31.97992284050206,-0.03681930778459451
2021-12-02,147.67999267578125,152.52999877929688,146.47000122070312,150.67999267578125,150.67999267578125,56161200,163.12437314021923,150.1259994506836,137.12762576114795,7.713885348359497,9.007981489838576,56.892848599804836,67.36896606113744,0,0,25.99674737907128,-1,1.1577975079284881,,
2021-12-03,151.64999389648438,152.3800048828125,140.72000122070312,144.00999450683594,144.00999450683594,65910000,162.45699163393564,150.45149917602538,138.44600671811511,6.501739442063382,8.506733080283537,50.20635307362712,65.08061766280274,0,0,24.01098491582053,-1,1.0152274239822576,-38.447837372792584,-0.04426598415953719
2021-12-06,141.13999938964844,141.30999755859375,134.1999969482422,139.05999755859375,139.05999755859375,66776500,161.99732940408677,150.58749923706054,139.1776690700343,5.083087030238687,7.822003870274567,45.89539416674711,62.52258786332865,0,0,22.819660334052458,-1,0.8204698963961361,,
2021-12-07,143.89999389648438,145.75999450683594,141.0,144.85000610351562,144.85000610351562,53359400,162.00315849244478,150.32199935913087,138.64084022581696,4.3755613262075315,7.13271536146116,51.17626081601656,61.00974425702037,0,0,23.362318266627824,1,3.4331008593765233,,
2021-12-08,144.9600067138672,147.0399932861328,142.6999969482422,145.24000549316406,145.24000549316406,40977500,162.01597371504954,150.13799972534179,138.26002573563403,3.802479186597168,6.466668126488361,51.51950831801956,59.7443794651536,0,0,23.75594797941551,1,3.24365704590583,,
2021-12-09,145.16000366210938,146.69000244140625,137.8000030517578,138.10000610351562,138.10000610351562,53019900,162.25405728629428,150.04950027465821,137.84494326302215,2.7405775112427477,5.721450003439239,45.24771254867579,57.811490542956555,0,0,24.40911402327214,1,3.0316946569265193,,
2021-12-10,141.2899932861328,141.3699951171875,135.82000732421875,138.5500030517578,138.5500030517578,42224300,162.77531221407725,149.6765007019043,136.57768918973136,1.9132688040727999,4.959813763565951,45.69640099752524,56.19614527023238,0,0,26.197623024345887,1,2.8150624630176773,,
2021-12-13,138.25,139.39999389648438,133.4199981689453,133.8000030517578,133.8000030517578,42174000,163.7830744856197,148.97200088500978,134.16092728439986,0.8643714545342505,4.140725301759611,41.802264629958884,54.27696118486258,0,0,29.622147201219832,1,2.5820891337600687,-32.85374374592086,-0.037825360270264695
2021-12-14,131.6699981689453,137.24000549316406,130.60000610351562,135.60000610351562,135.60000610351562,50754600,164.32441788070918,148.42750091552733,132.5305839503455,0.17632538190741798,3.3478453177891723,43.758192103121715,52.874458640630465,0,0,31.79383393036369,1,2.356570281791444,,
2021-12-15,135.11000061035156,146.69000244140625,133.80999755859375,146.5,146.5,72425800,163.9371166003766,148.13000106811523,132.32288553585386,0.5047637226525978,2.7792289987618575,53.86883517268862,53.007042178238216,1,0,31.614231064522755,-1,0.18165755676791084,69.81815014943042,0.08038343219662862
2021-12-16,147.0,147.92999267578125,137.02000427246094,138.63999938964844,138.63999938964844,63369600,163.74933032622062,147.49500122070313,131.24067211518565,0.12932632015818513,2.249248463041123,47.269748847868875,52.24206973418897,-1,0,32.50865821103497,1,1.2485922758198564,,
2021-12-17,136.3000030517578,142.0399932861328,136.11000061035156,137.75,137.75,55642100,163.02932280655284,146.6315010070801,130.23367920760734,-0.23729069943368586,1.7519406305461611,46.574017235972676,51.486329401093464,0,0,32.7956435989455,1,1.9026471153670417,,
2021-12-20,135.97000122070312,138.25999450683594,133.52000427246094,135.8000030517578,135.8000030517578,38195400,162.17658376042385,145.6510009765625,129.12541819270115,-0.6773774006895508,1.2660770242990187,45.01085306471505,50.62293255624301,0,0,33.051165567722705,1,1.7644529309893509,-17.79225623551178,-0.020484682273467128
2021-12-21,138.19000244140625,144.5,135.14999389648438,144.25,144.25,57785200,161.46608283689324,145.23750076293945,129.00891868898566,-0.34038144254660097,0.9447853309298947,52.45734357643006,50.867520692267945,1,0,32.45716414790758,-1,-0.34011325134218695,,
2021-12-22,142.64999389648438,144.5,140.27000427246094,143.8800048828125,143.8800048828125,46923700,161.0285264066208,144.9355010986328,128.8424757906448,-0.10198955941768872,0.7354303528603781,52.124499615981556,51.03511788209643,0,0,32.186050615976,-1,-1.195164192429709,,
2021-12-23,143.88999938964844,149.02000427246094,143.85000610351562,146.13999938964844,146.13999938964844,48653800,159.34639926904964,144.35250091552734,129.35860256200505,0.26623144425616374,0.6415905711395352,54.04266181264885,51.43612373950342,0,0,29.987796707044595,-1,-1.221855041323001,,
2021-12-27,147.50999450683594,154.88999938964844,147.25,154.36000061035156,154.36000061035156,53296400,159.2622857454065,144.33000106811522,129.39771639082394,1.2074163001335876,0.7547557169383456,60.27666333975331,52.61486235287008,0,1,29.864569354582557,-1,-1.1896674791706423,-60.874744606223885,-0.07008665934385831
2021-12-28,155.8800048828125,156.72999572753906,151.3800048828125,153.14999389648438,153.14999389648438,58699100,157.15672464142807,143.892000579834,130.6272765182399,1.834527360468286,0.9707100456443337,59.00777942904014,53.46725129635942,0,0,26.52944812318816,-1,-1.1282435899666927,,
2021-12-29,152.82000732421875,154.33999633789062,147.2899932861328,148.25999450683594,148.25999450683594,51300200,155.08368791771295,143.3865005493164,131.68931318091984,1.9148619736876924,1.1595404312530055,54.055362710418045,53.54566615156724,0,0,23.39437473679311,-1,-1.0745345638338701,,
2021-12-30,147.44000244140625,148.85000610351562,144.85000610351562,145.14999389648438,145.14999389648438,44358000,154.62255754105394,143.18850021362306,131.75444288619218,1.7078891920658634,1.2692101834155771,51.1169730268017,53.2218404015985,-1,0,22.868114654861756,-1,-1.838845301654736,,
