timestamp,open,high,low,close,volume,trade_count,vwap,BB_upper,BB_mid,BB_lower,MACD,MACD_signal,RSI,RSI_ema,Volume,RSI_signal,MACD_flip,BB_width,BB_diverging,Signal,PnL,ROI
2022-01-03 05:00:00+00:00,145.135,151.65,145.02,150.24,60725631.0,437666.0,149.577108,,,,,,,,60725631.0,0,0,,0,,,
2022-01-04 05:00:00+00:00,151.01,152.42,140.7,144.42,81922026.0,638045.0,144.383781,,,,,,,,81922026.0,0,0,,0,,,
2022-01-05 05:00:00+00:00,142.815,143.76,135.29,136.15,65605339.0,522109.0,139.333906,,,,,,,,65605339.0,0,0,,0,,,
2022-01-06 05:00:00+00:00,136.19,138.0,131.77,136.23,66295127.0,502306.0,135.475319,,,,,,,,66295127.0,0,0,,0,,,
2022-01-07 05:00:00+00:00,136.28,137.44,131.13,132.0,60639096.0,422420.0,133.392975,,,,,,,,60639096.0,0,0,,0,,,
2022-01-10 05:00:00+00:00,129.08,132.42,125.03,132.0,86749545.0,675695.0,128.574153,,,,,,,,86749545.0,0,0,,0,,,
2022-01-11 05:00:00+00:00,133.45,138.99,131.59,137.31,78602672.0,499286.0,136.133737,,,,,,,,78602672.0,0,0,,0,,,
2022-01-12 05:00:00+00:00,138.585,140.57,135.77,137.47,70984662.0,458695.0,138.020043,,,,,,,,70984662.0,0,0,,0,,,
2022-01-13 05:00:00+00:00,139.44,141.25,131.81,132.74,78775858.0,535484.0,135.646589,,,,,,,,78775858.0,0,0,,0,,,
2022-01-14 05:00:00+00:00,131.68,137.0,131.43,136.88,72433325.0,466363.0,135.070405,,,,,,,,72433325.0,0,0,,0,,,
2022-01-18 05:00:00+00:00,134.5,136.3893,131.59,131.93,58419437.0,426781.0,133.704173,,,,,,,,58419437.0,0,0,,0,,,
2022-01-19 05:00:00+00:00,133.55,134.57,128.02,128.27,71085719.0,502525.0,130.683218,,,,,,,,71085719.0,0,0,,0,,,
2022-01-20 05:00:00+00:00,126.14,128.51,121.41,121.89,92598869.0,698060.0,125.811793,,,,,,,,92598869.0,0,0,,0,,,
2022-01-21 05:00:00+00:00,120.14,125.02,118.39,118.81,98079601.0,764658.0,121.346068,,,,,,,,98079601.0,0,0,,0,,,
2022-01-24 05:00:00+00:00,115.4,116.77,107.5,116.53,118725980.0,888740.0,112.383431,,,,,,18.252024863439402,,118725980.0,0,0,,0,,,
2022-01-25 05:00:00+00:00,114.06,114.82,109.86,111.13,87143556.0,602423.0,112.017902,,,,,,16.4501090405735,,87143556.0,0,0,,0,,,
2022-01-26 05:00:00+00:00,114.55,117.16,108.63,110.71,97012515.0,672063.0,113.113752,,,,,,16.31519537566261,,97012515.0,0,0,,0,,,
2022-01-27 05:00:00+00:00,111.96,112.75,101.94,102.6,127914253.0,1018138.0,106.20696,,,,,,13.938098246336708,,127914253.0,0,0,,0,,,
2022-01-28 05:00:00+00:00,101.55,105.4,99.35,105.24,100267115.0,767602.0,102.637968,,,,,,18.120241984611066,,100267115.0,0,0,,0,,,
2022-01-31 05:00:00+00:00,107.93,114.31,106.9,114.25,99581517.0,683690.0,111.472869,152.86231503921206,126.83999999999999,100.81768496078791,,,30.52824363944695,,99581517.0,0,0,52.04463007842415,0,,,
2022-02-01 05:00:00+00:00,116.75,117.26,112.73,116.78,123954648.0,925903.0,116.154948,149.18145156567186,125.16699999999999,101.15254843432811,,,33.572314961275936,,123954648.0,0,0,48.02890313134375,-1,,,
2022-02-02 05:00:00+00:00,129.89,130.06,120.64,122.76,182182704.0,1254561.0,124.078729,146.42287767995523,124.08399999999999,101.74512232004474,,,40.23789264779432,,182182704.0,0,0,44.67775535991049,-1,,,
2022-02-03 05:00:00+00:00,120.32,125.37,118.816,120.08,105944888.0,716094.0,122.092614,144.97224356754214,123.28049999999999,101.58875643245786,,,38.379219158210766,,105944888.0,0,0,43.38348713508428,-1,,,
2022-02-04 05:00:00+00:00,120.34,124.96,118.58,123.6,87663600.0,602931.0,122.310332,143.51569777420517,122.64899999999997,101.78230222579478,,,42.15842493981653,,87663600.0,0,0,41.733395548410385,-1,,,
2022-02-07 05:00:00+00:00,123.56,127.63,122.785,123.67,83239449.0,525099.0,125.392512,142.66398146855767,122.23249999999999,101.80101853144231,,,42.2342972772703,,83239449.0,0,0,40.862962937115356,-1,,,
2022-02-08 05:00:00+00:00,122.38,128.705,122.05,128.23,86679844.0,566130.0,125.993019,142.17895706476722,122.04399999999998,101.90904293523275,,,47.102103093207845,,86679844.0,0,0,40.26991412953447,-1,,,
2022-02-09 05:00:00+00:00,129.6,132.96,127.65,132.85,95108746.0,618885.0,130.828565,141.36483166116648,121.82099999999998,102.27716833883348,,,51.556233262383536,,95108746.0,0,0,39.087663322333,-1,,,
2022-02-10 05:00:00+00:00,128.84,131.7589,124.61,125.77,111493200.0,797729.0,128.855012,139.5317135963594,121.23599999999999,102.9402864036406,,,45.26592582599901,32.43645173685918,111493200.0,0,0,36.5914271927188,-1,,,
2022-02-11 05:00:00+00:00,126.14,127.1699,111.81,113.18,171065201.0,1205666.0,117.516191,138.07424606924928,120.25799999999997,102.44175393075065,,,36.69264792490895,33.003944561932485,171065201.0,0,0,35.632492138498634,-1,,,
2022-02-14 05:00:00+00:00,115.51,118.37,113.46,114.27,135148410.0,880607.0,116.04422,135.38233174320933,119.12749999999997,102.8726682567906,,,37.79118041463339,33.64224267562594,135148410.0,0,0,32.50966348641873,-1,,,
2022-02-15 05:00:00+00:00,117.19,121.88,114.36,121.47,147227687.0,812310.0,118.561523,133.81772119079508,118.60449999999996,103.39127880920482,,,44.6263961758615,35.10679647565735,147227687.0,0,0,30.426442381590263,-1,,,
2022-02-16 05:00:00+00:00,119.05,119.54,114.22,117.69,121190713.0,701942.0,116.916117,132.6290431768364,118.07549999999996,103.52195682316352,,,42.016268599981736,36.028059425567264,121190713.0,0,0,29.107086353672884,-1,,,
2022-02-17 05:00:00+00:00,116.26,116.98,112.26,112.37,100919052.0,595583.0,114.551094,132.2453109710604,117.59949999999996,102.95368902893952,,,38.594867515804914,36.370300504265614,100919052.0,0,0,29.291621942120884,1,,,
2022-02-18 05:00:00+00:00,113.9,115.635,109.89,113.83,117133020.0,731036.0,112.811919,132.07464815872345,117.35049999999997,102.62635184127649,-5.285051490207195,-6.430947951788365,40.03794263976501,36.859319455665535,117133020.0,0,0,29.44829631744696,1,-6.068196581107255,,
2022-02-22 05:00:00+00:00,115.27,119.2,113.61,115.65,144573031.0,897810.0,116.227344,132.04544470442323,117.30649999999996,102.56755529557668,-5.001266440803661,-6.145011649591424,41.87183604444383,37.52765500083598,144573031.0,0,0,29.47788940884655,1,-5.795283188250494,,
2022-02-23 05:00:00+00:00,117.4,118.65,109.04,109.765,122796849.0,762485.0,113.155267,132.10306997032117,117.23824999999995,102.37343002967874,-5.191391926988317,-5.9542877050708025,37.84163074900866,37.569518433925666,122796849.0,0,0,29.72963994064243,1,-5.613245726066706,32.87552212676733,0.03571114820346128
2022-02-24 05:00:00+00:00,104.56,116.96,104.26,116.51,147061957.0,960189.0,111.337997,132.09564279178207,117.52824999999996,102.96085720821785,-4.743126801611751,-5.712055524378992,44.442050340282066,38.48585602143985,147061957.0,0,0,29.134785583564224,-1,-5.521756330397294,,
2022-02-25 05:00:00+00:00,117.16,121.23,116.0421,121.06,130396581.0,800838.0,119.37699,131.36346664742578,118.45124999999996,105.53903335257414,-3.974906241255624,-5.364625667754319,48.420919467890116,39.81053114763322,130396581.0,0,0,25.824433294851644,-1,-5.190150094243793,-35.95150200282479,-0.03905244185048491
2022-02-28 05:00:00+00:00,120.31,124.61,119.2,123.34,128656000.0,716023.0,122.267451,130.90275547785097,119.35624999999997,107.80974452214897,-3.14584561714463,-4.920869657632381,50.3401493100325,41.214480235953125,128656000.0,0,0,23.093010955702,-1,-4.766604859195101,,
2022-03-01 05:00:00+00:00,122.33,122.43,112.8,113.83,130093074.0,844844.0,116.78906,130.92029012725231,119.33524999999997,107.75020987274765,-3.2190790812497596,-4.580511542355857,43.13115285758658,41.47003658550425,130093074.0,0,0,23.17008025450467,1,-4.302037912607443,70.98154004618723,0.0771039403275499
2022-03-02 05:00:00+00:00,115.47,119.48,113.31,118.28,121786809.0,706891.0,116.789837,130.9474725752149,119.41024999999998,107.87302742478505,-2.8847853100358236,-4.24136629589185,46.95884879579968,42.201878213543644,121786809.0,0,0,23.074445150429852,-1,-4.118049336565251,,
2022-03-03 05:00:00+00:00,118.13,118.26,111.05,111.98,128423884.0,763905.0,113.591909,130.7347646036096,118.87124999999996,107.00773539639034,-3.0925632920188093,-4.011605695117241,42.58845916905891,42.253422340945676,128423884.0,0,0,23.727029207219246,1,-3.7590427637123485,49.03408533225209,0.053263442678390234
2022-03-04 05:00:00+00:00,112.0,113.0,106.81,108.41,102924325.0,673630.0,109.069454,130.975398511448,118.28774999999996,105.60010148855191,-3.504895747509522,-3.9102637055956975,40.29961631347617,41.99291487061641,102924325.0,-1,0,25.375297022896078,1,-4.416844849275758,,
2022-03-07 05:00:00+00:00,108.53,109.53,102.82,102.95,96663649.0,659642.0,105.423919,131.33067236489026,117.25524999999996,103.17982763510965,-4.2235619648027125,-3.9729233574371006,37.02245116539285,41.3301863765866,96663649.0,0,-1,28.150844729780616,1,-3.722122205046639,46.365200608974604,0.05036435753159297
2022-03-08 05:00:00+00:00,102.81,109.9,100.08,105.53,138437541.0,845845.0,105.15385,130.9801812720519,116.34824999999996,101.71631872794804,-4.532675816359458,-4.084873849221572,39.52501371671111,41.089496688603205,138437541.0,0,0,29.263862544103873,1,-3.828973934995359,,
2022-03-09 05:00:00+00:00,108.41,111.71,106.85,111.05,106100055.0,602682.0,109.668479,129.2195443431687,115.48924999999997,101.75895565683125,-4.282862727791553,-4.124471624935568,44.59762545359382,41.557247190601956,106100055.0,1,0,27.46058868633746,-1,-3.2519501337798724,-48.153957430754275,-0.05230740073912628
2022-03-10 05:00:00+00:00,108.89,109.07,103.07,106.46,104379648.0,639390.0,105.36623,125.89932820000539,114.16974999999998,102.44017179999457,-4.40448651620369,-4.180474603189192,41.48180929353929,41.547188804326936,104379648.0,-1,0,23.459156400010812,-1,-4.8144594186023015,,
2022-03-11 05:00:00+00:00,108.13,108.19,104.08,104.29,90175491.0,541578.0,105.934358,124.30190155840985,113.09574999999998,101.88959844159011,-4.622687643692359,-4.268917211289826,40.05695722269451,41.34849126010928,90175491.0,0,0,22.412303116819743,-1,-4.144345451258629,18.764721231350446,0.02038324253240642
2022-03-14 04:00:00+00:00,102.99,105.2397,101.04,102.25,92732557.0,559921.0,102.960112,124.71098600889457,112.54924999999999,100.38751399110541,-4.903697784674165,-4.395873325966694,38.71078932058065,40.99679766817213,92732557.0,0,0,24.323472017789157,1,-4.125809005334659,,
2022-03-15 04:00:00+00:00,102.66,109.69,101.79,109.33,115624712.0,637590.0,107.269809,124.5147151381301,112.30224999999999,100.08978486186987,-4.503193504421461,-4.417337361657647,45.55001329000298,41.60389308441624,115624712.0,1,0,24.424930276260227,1,-3.3917669907140873,-63.74392272401033,-0.06924205378973103
2022-03-16 04:00:00+00:00,111.6,115.42,109.89,115.37,116807786.0,685638.0,113.46552,123.56638543658485,111.99724999999998,100.42811456341511,-3.6562662933468744,-4.265123147995492,50.61317997834532,42.80513133694012,116807786.0,0,1,23.138270873169745,-1,-4.140724187786961,,
2022-03-17 04:00:00+00:00,112.14,114.27,109.71,111.69,105367489.0,685167.0,111.400894,122.96766679575533,111.69724999999998,100.42683320424463,-3.2446137343186763,-4.061021265260129,47.702710385841684,43.45814187679366,105367489.0,0,0,22.540833591510705,-1,-3.9459180827986,29.364578473129995,0.03189737366733125
2022-03-18 04:00:00+00:00,111.28,114.93,110.55,113.46,114725445.0,615003.0,113.219884,123.04517077273498,111.75174999999999,100.458329227265,-2.743921686825715,-3.797601349573246,49.21537221046158,44.225772587949386,114725445.0,0,0,22.58684154546998,1,-3.554785201521886,,
2022-03-21 04:00:00+00:00,113.73,117.57,112.54,115.92,103685610.0,650344.0,114.911594,123.26277044884975,111.85625,100.44972955115026,-2.1241325135839304,-3.462907582375383,51.32271663220265,45.17203179384982,103685610.0,0,0,22.813040897699494,1,-3.2353349922544146,,
2022-03-22 04:00:00+00:00,115.43,117.95,113.81,114.78,103906165.0,590664.0,115.477593,123.16758574297867,111.81275000000001,100.45791425702134,-1.705276238097241,-3.1113813135197548,50.281441737379104,45.85328645298706,103906165.0,0,0,22.70967148595733,-1,-3.0395292849072026,,
2022-03-23 04:00:00+00:00,114.29,117.55,112.21,113.92,92665375.0,571476.0,114.970593,123.36990963222406,112.02050000000001,100.67109036777596,-1.4262831306578363,-2.774361676947371,49.46609623022485,46.33499442328543,92665375.0,0,0,22.698819264448105,-1,-2.7178591375015335,,
2022-03-24 04:00:00+00:00,114.96,120.55,113.71,120.53,124137843.0,729380.0,118.19544,124.01551081057761,112.22150000000002,100.42748918942243,-0.6641514011180476,-2.3523196217815063,55.446171871295434,47.5498180830201,124137843.0,0,0,23.58802162115518,1,-2.175328529056931,-57.364799432298945,-0.06231270932487227
2022-03-25 04:00:00+00:00,119.915,121.4,117.2533,119.67,97902197.0,555208.0,119.1209,123.75163723570797,112.15200000000002,100.55236276429206,-0.12807495887328457,-1.9074706891998618,54.541824736511536,48.48208563681896,97902197.0,0,0,23.19927447141592,-1,-1.8904505192695917,,
2022-03-28 04:00:00+00:00,117.7,120.41,116.71,120.24,95739027.0,501686.0,118.80028,123.06516895425963,111.997,100.92883104574037,0.3388575808782974,-1.45820503518423,55.06495502838125,49.35980155569393,95739027.0,0,0,22.136337908519266,-1,-1.4616465759110149,,
2022-03-29 04:00:00+00:00,122.28,123.71,119.59,123.23,97209425.0,545971.0,121.874066,124.55769245328923,112.46700000000001,100.37630754671079,0.9393448119557064,-0.9786950657562427,57.80785808885051,50.48620909344814,97209425.0,0,0,24.181384906578444,1,-0.8642654173922392,,
2022-03-30 04:00:00+00:00,123.04,125.67,118.59,119.22,101848385.0,577134.0,122.496501,124.7016337326024,112.51399999999998,100.32636626739756,1.0792211917234056,-0.567111814260313,53.124295484979314,50.837953945652295,101848385.0,0,0,24.375267465204843,1,-0.4714276393775889,,
2022-03-31 04:00:00+00:00,116.31,116.38,109.02,109.34,150620254.0,950245.0,111.506047,124.64684993793452,112.38199999999999,100.11715006206546,0.3883639828038241,-0.37601665484748553,43.72462195021555,49.88950967959406,150620254.0,-1,0,24.529699875869056,1,-1.0435643444822122,79.4664615567286,0.08632071530040944
2022-04-01 04:00:00+00:00,110.48,111.42,106.102,108.19,113929382.0,732847.0,107.632867,124.65046562355349,112.37100000000001,100.09153437644653,-0.24906960233606412,-0.35062724434520126,42.775888517965264,48.94102685804356,113929382.0,0,0,24.558931247106955,1,-0.2648028141185107,,
2022-04-04 04:00:00+00:00,109.97,110.9391,107.03,110.53,92154151.0,582963.0,109.348806,124.28852330239899,112.75000000000003,101.21147669760107,-0.5589783131740234,-0.39229745811096567,45.37321465684568,48.46531856455051,92154151.0,0,-1,23.077046604797914,-1,-0.44428553747094185,,
2022-04-05 04:00:00+00:00,109.685,110.48,106.05,106.82,82073495.0,546771.0,107.875755,124.20432787402954,112.81450000000002,101.4246721259705,-1.0913685759311278,-0.5321116816749981,42.1097924497174,47.61791508257276,82073495.0,0,0,22.779655748059042,-1,-0.5777319513376665,,
2022-04-06 04:00:00+00:00,104.45,105.744,101.7106,103.67,107683422.0,716469.0,103.430818,124.49893183495999,112.44550000000001,100.39206816504003,-1.7473282567131179,-0.7751549966826221,39.51132861969297,46.53703688752212,107683422.0,0,0,24.10686366991996,1,-0.6699955383793895,38.46096343030627,0.04177835289767997
2022-04-07 04:00:00+00:00,103.92,105.24,100.91,103.72,91895526.0,542853.0,103.413201,124.68879769432178,112.30850000000001,99.92820230567824,-2.2373556048276413,-1.067595118311626,39.575065953712304,45.60877409634748,91895526.0,0,0,24.760595388643537,1,-0.9491165355665359,,
2022-04-08 04:00:00+00:00,102.51,102.99,100.4205,101.0,94277825.0,562384.0,101.446807,125.02346800143661,112.144,99.2645319985634,-2.8127632923267356,-1.4166287531146478,37.27409797901704,44.49748394737009,94277825.0,0,0,25.758936002873213,1,-1.2822535061552236,24.142110914655262,0.026224450443501725
2022-04-11 04:00:00+00:00,98.6,98.67,95.94,97.37,96301412.0,641156.0,97.353812,125.67383461495159,111.9,98.12616538504842,-3.5210996481470858,-1.8375229321211355,34.39958340876187,43.151097208889,96301412.0,0,0,27.547669229903164,1,-1.6839781474258715,,
2022-04-12 04:00:00+00:00,98.78,99.59,94.6,95.1,91041103.0,619736.0,96.784691,126.77120230095,111.1885,95.60579769905002,-4.217020158853657,-2.31342237746764,32.70124000628022,41.75778291520783,91041103.0,0,0,31.16540460189998,1,-2.138202851635377,21.461967461269953,0.023313135462668277
2022-04-13 04:00:00+00:00,95.3,98.33,94.71,97.74,79572881.0,466316.0,97.145632,126.811177774129,110.30699999999999,93.80282222587097,-4.503601525830575,-2.751458207140227,36.620328434036466,41.07278898438498,79572881.0,0,0,33.00835554825804,1,-2.5562884306621143,,
2022-04-14 04:00:00+00:00,98.37,98.39,92.92,93.06,76107418.0,517672.0,95.159796,127.48699852994075,109.37549999999999,91.26400147005923,-5.050141325874236,-3.211194830887029,32.95641979171241,39.99060642536197,76107418.0,0,0,36.22299705988152,1,-2.9950864456159296,44.08007890922507,0.04788213627992626
2022-04-18 04:00:00+00:00,92.03,95.16,91.64,93.89,82302240.0,491395.0,93.598201,127.60168807349041,108.39699999999998,89.19231192650955,-5.354579729602179,-3.639871810630059,34.21353725499603,39.22033053597984,82302240.0,0,0,38.40937614698086,1,-3.404239421584265,,
2022-04-19 04:00:00+00:00,93.385,97.07,92.84,96.93,79126006.0,458682.0,95.892634,126.94604238142102,107.44749999999996,87.9489576185789,-5.289571872356532,-3.9698118229753536,38.74404765978082,39.15682615248664,79126006.0,0,0,38.99708476284212,1,-3.7191523847740067,,
2022-04-20 04:00:00+00:00,97.84,97.91,93.2,94.02,64080434.0,437820.0,94.884456,126.43922338800674,106.40949999999998,86.37977661199322,-5.410496521268271,-4.257948762633937,36.17582248242911,38.759358996478966,64080434.0,0,0,40.059446776013516,1,-3.9941661875174805,,
2022-04-21 04:00:00+00:00,95.16,96.23,89.24,89.85,78730290.0,552824.0,91.807263,126.15732587690002,105.20599999999997,84.25467412309993,-5.776229547951061,-4.561604919697362,32.81862955109134,37.96726173709395,78730290.0,0,0,41.902651753800086,1,-4.283992388140814,39.61237401572443,0.043029076578975464
2022-04-22 04:00:00+00:00,90.03,91.46,87.935,88.14,77197203.0,520330.0,89.387818,124.55675538709684,103.58649999999997,82.6162446129031,-6.133356796230146,-4.875955295003918,31.52657909545801,37.10850405154249,77197203.0,0,0,41.94051077419374,1,-4.584025741064361,,
2022-04-25 04:00:00+00:00,89.86,91.37,88.61,90.69,95939775.0,629549.0,89.86456,122.45698215383607,102.13749999999997,81.81801784616388,-6.139842739511707,-5.128732783905476,35.598362740784935,36.90715187677482,95939775.0,0,0,40.63896430767218,-1,-4.965000902667508,,
2022-04-26 04:00:00+00:00,89.74,90.12,85.08,85.16,92700217.0,606311.0,86.416352,120.19971283192262,100.38349999999998,80.56728716807734,-6.516094202316211,-5.4062050675876225,31.257407947007177,36.15385268613913,92700217.0,0,0,39.63242566384528,-1,-5.229835768970184,31.12519369803881,0.03380984796914005
2022-04-27 04:00:00+00:00,84.25,87.9,84.02,84.91,84914589.0,538049.0,85.764273,116.39768112011295,98.46749999999999,80.53731887988702,-6.756563648076835,-5.676276783685465,31.072933146048392,35.47639674746036,84914589.0,0,0,35.860362240225925,-1,-5.487607124998088,,
2022-04-28 04:00:00+00:00,86.67,90.58,84.78,89.64,94237040.0,573549.0,87.860772,112.55106183923627,96.98849999999999,81.4259381607637,-6.4906458218428185,-5.839150591316935,38.47178331698596,35.87578162339711,94237040.0,1,0,31.125123678472562,-1,-4.888534403702176,-51.28273097744438,-0.055706041691202496
2022-04-29 04:00:00+00:00,88.05,91.79,85.38,85.52,86409692.0,506524.0,87.869401,111.03931075200896,95.79749999999999,80.55568924799101,-6.536999139501731,-5.978720300953894,34.95235858981586,35.752658552252946,86409692.0,-1,0,30.483621504017947,-1,-6.530804390529022,,
2022-05-02 04:00:00+00:00,85.655,90.37,85.3201,89.84,100709163.0,627666.0,87.543865,109.20930982287885,94.87999999999998,80.55069017712111,-6.154204740066376,-6.0138171887763905,41.04265582782051,36.45799152232862,100709163.0,1,0,28.65861964575774,-1,-5.055245847352915,-46.50342065828242,-0.050514499532273244
2022-05-03 04:00:00+00:00,89.85,92.21,89.01,91.13,128390788.0,791923.0,91.285638,106.37569372317677,93.91,81.44430627682323,-5.681255227801458,-5.947304796581404,42.76592165361168,37.29904887316636,128390788.0,0,1,24.93138744635354,-1,-5.74629122348556,,
2022-05-04 04:00:00+00:00,98.18,99.69,91.7,99.42,229629830.0,1285741.0,95.063603,104.83532292588598,93.53999999999999,82.24467707411401,-4.584656547504991,-5.674775146766121,52.39558491779489,39.3119203457835,229629830.0,0,0,22.590645851771967,-1,-5.486173879819535,-83.74560129971125,-0.09096894546252614
2022-05-05 04:00:00+00:00,97.65,97.84,92.17,93.87,157572060.0,889259.0,94.498677,103.35156881256665,93.05,82.74843118743334,-4.115986281774084,-5.363017373767714,46.72731678138198,40.30063987052996,157572060.0,0,0,20.603137625133314,-1,-5.188615049671897,,
2022-05-06 04:00:00+00:00,94.34,98.18,92.65,95.34,146633075.0,876180.0,95.596216,101.77972209655752,92.631,83.48227790344248,-3.5846236943008876,-5.007338637874349,48.32198575888291,41.370152655643686,146633075.0,0,0,18.29744419311504,-1,-4.849135627738249,,
2022-05-09 04:00:00+00:00,92.865,93.74,85.38,86.36,147494926.0,901149.0,88.670776,100.58305872850049,91.89899999999999,83.21494127149948,-3.843816838653211,-4.774634278030121,40.37163946997332,41.23701756422097,147494926.0,-1,0,17.368117457001006,-1,-5.38155821478042,73.65156238426981,0.08000426121231495
2022-05-10 04:00:00+00:00,89.18,90.7721,85.41,88.73,140016922.0,735897.0,88.078637,99.8746467575687,91.46699999999998,83.05935324243127,-3.8140243809389034,-4.582512298611878,43.03544592580781,41.47680801243255,140016922.0,1,0,16.815293515137427,-1,-3.689129440355991,,
2022-05-11 04:00:00+00:00,87.84,93.46,86.53,87.92,139562966.0,859976.0,90.247257,99.47755817233178,91.10799999999999,82.7384418276682,-3.811833431095053,-4.428376525108513,42.33927706614964,41.591803886261495,139562966.0,0,0,16.739116344663586,-1,-4.296542223835255,,
2022-05-12 04:00:00+00:00,86.6,88.55,83.27,87.06,131436797.0,882936.0,85.707546,98.53574955647659,90.57399999999998,82.61225044352338,-3.835281166333118,-4.309757453353434,41.57037618972084,41.588946860056076,131436797.0,-1,0,15.923499112953209,-1,-4.9378541082776755,17.326659249613993,0.018821142792742045
2022-05-13 04:00:00+00:00,88.3,96.57,88.22,95.12,141215991.0,815778.0,93.742513,98.81605424481529,90.67699999999999,82.5379457551847,-3.166982028228091,-4.081202368328365,50.62121078634966,42.79324871689522,141215991.0,1,0,16.278108489630597,1,-3.0709411956592314,,
2022-05-16 04:00:00+00:00,93.86,98.169,93.0801,94.24,131424946.0,712617.0,95.620183,98.86256580532012,90.69449999999999,82.52643419467987,-2.6774943043198505,-3.8004607555266623,49.71572501760003,43.71624555698919,131424946.0,0,0,16.33613161064025,1,-3.557514376426597,,
2022-05-17 04:00:00+00:00,97.88,103.2,97.54,102.47,167505504.0,889773.0,100.90523,100.26486166303896,90.97149999999999,81.67813833696103,-1.6069555542000558,-3.361759715261341,57.39187377622939,45.539662652887884,167505504.0,0,0,18.58672332607793,1,-3.1387938836850475,-71.13516486489246,-0.07727081581160633
2022-05-18 04:00:00+00:00,100.0,104.22,95.71,96.28,142603246.0,818278.0,99.061276,100.57622581778678,91.08449999999999,81.5927741822132,-1.2436906581893936,-2.9381459038469515,51.07638666664974,46.27789252138947,142603246.0,0,0,18.983451635573573,1,-2.73447347509818,,
2022-05-19 04:00:00+00:00,96.69,100.69,95.09,96.67,142976164.0,782102.0,98.188859,101.2011073468627,91.4255,81.6498926531373,-0.9137971851532285,-2.533276160108207,51.438965974833295,46.96603564851531,142976164.0,0,0,19.5512146937254,1,-2.3480434395279346,,
2022-05-20 04:00:00+00:00,98.385,98.64,88.26,93.5,167226069.0,908727.0,92.506628,101.3876740751872,91.6935,81.9993259248128,-0.8977974876445245,-2.2061804256154707,48.30525994689056,47.144598888298674,167226069.0,0,0,19.388348150374412,-1,-2.1755555829434723,26.58138215326761,0.02887411715828834
2022-05-23 04:00:00+00:00,91.66,95.19,90.92,95.07,130345437.0,662110.0,93.402143,101.70351194974404,91.9125,82.12148805025595,-0.749788636460849,-1.9149020677845463,49.93212037749933,47.5162684201921,130345437.0,0,0,19.582023899488092,1,-1.7578330664689246,,
2022-05-24 04:00:00+00:00,92.54,93.42,89.62,91.16,125473614.0,641686.0,91.269194,101.51292552790119,92.21249999999999,82.9120744720988,-0.9371915178814874,-1.7193599578039345,46.045658460109514,47.32018709218109,125473614.0,-1,0,18.600851055802394,-1,-2.465435727238563,37.86187422002536,0.041127590196697136
2022-05-25 04:00:00+00:00,90.425,93.89,89.52,92.65,113768484.0,590114.0,91.669938,101.27543332155324,92.59949999999999,83.92356667844675,-0.9544764931497127,-1.5663832648730902,47.71574705080987,47.37292841999826,113768484.0,1,0,17.35186664310649,-1,-0.8103693753800797,,
2022-05-26 04:00:00+00:00,91.34,100.33,90.74,98.75,131510343.0,735282.0,97.689798,102.01356573342224,93.05499999999998,84.09643426657772,-0.47053194108751484,-1.3472130001159752,53.994216606114655,48.25576684481378,131510343.0,0,0,17.917131466844523,1,-1.2159992791717382,-60.61125217776839,-0.06583917970858061
2022-05-27 04:00:00+00:00,100.14,102.4,99.38,102.26,107022990.0,574086.0,101.195505,103.00489108900359,93.89199999999998,84.77910891099637,0.19398908336107468,-1.0389725834205652,57.18051394425759,49.44573312473962,107022990.0,0,0,18.225782178007222,1,-0.9217976080667314,,
2022-05-31 04:00:00+00:00,102.43,104.55,100.04,101.86,130628549.0,646487.0,102.660087,104.03312809138532,94.49299999999998,84.95287190861464,0.6805056799135514,-0.6950769307537419,56.69858429718443,50.41277994773226,130628549.0,0,0,19.080256182770682,1,-0.5935646112877825,,
2022-06-01 04:00:00+00:00,102.13,103.57,99.55,101.22,100762307.0,572838.0,101.58309,104.83541212605854,94.99749999999997,85.1595878739414,1.0028704700339972,-0.355487450596194,55.88696791707436,51.142671676977876,100762307.0,0,0,19.67582425211714,1,-0.26944166328789143,,
2022-06-02 04:00:00+00:00,100.78,109.5,100.78,108.59,123155943.0,708966.0,106.520014,106.81307427113396,95.45599999999997,84.09892572886599,1.8319269811536145,0.08199543575376776,62.53738489020023,52.66196677207419,123155943.0,0,0,22.714148542267964,1,0.14811615610470452,-56.9858153522693,-0.06190103657344023
2022-06-03 04:00:00+00:00,105.8,109.39,104.65,106.3,113238370.0,618737.0,106.57793,108.34344778237916,96.07749999999997,83.81155221762079,2.2779179573168022,0.5211799400663747,59.53407428937432,53.57824777438087,113238370.0,0,0,24.531895564758372,1,0.5672980936241818,,
2022-06-06 04:00:00+00:00,108.27,109.57,104.225,105.65,98016087.0,530806.0,106.51164,109.53936180554359,96.59299999999999,83.64663819445639,2.5495300559367706,0.9268499632404539,58.672763995007315,54.25751660379773,98016087.0,0,0,25.892723611087206,1,0.9544919600695296,,
2022-06-07 04:00:00+00:00,104.24,106.24,102.61,105.28,81039000.0,430739.0,104.886825,110.11590566077503,97.53899999999999,84.96209433922495,2.703761414616963,1.2822322535157558,58.156978742513196,54.77744488895979,81039000.0,0,0,25.15381132155008,-1,1.153978067143834,,
2022-06-08 04:00:00+00:00,104.57,105.848,100.41,101.9,99797500.0,554986.0,102.910745,110.22779654663712,98.19749999999999,86.16720345336286,2.5241562236727617,1.530617047547157,53.527726651426256,54.610815790621984,99797500.0,-1,0,24.060593093274264,-1,0.6365217521790759,-38.10555196827575,-0.04139228598306671
2022-06-09 04:00:00+00:00,101.57,103.94,98.74,98.8,97629898.0,542030.0,101.436931,109.80908740647828,98.74149999999999,87.67391259352169,2.1073811455976994,1.6459698671572656,49.626074107782465,53.946183566243384,97629898.0,0,0,22.135174812956592,-1,1.5011493269167677,,
2022-06-10 04:00:00+00:00,98.82,99.928,94.25,94.82,105460242.0,640000.0,96.087545,109.01248836385236,99.12949999999998,89.2465116361476,1.43933934772582,1.6046437632709765,45.082630877655866,52.76437654109838,105460242.0,0,-1,19.765976727704754,-1,1.4617054118262311,-37.084717274168064,-0.04028340080971664
2022-06-13 04:00:00+00:00,91.26,92.03,86.64,86.99,101866610.0,658723.0,88.83302,109.82573677973303,98.72299999999998,87.62026322026693,0.2749266645187731,1.3387003435205358,37.75853959962926,50.76359828223583,101866610.0,0,0,22.2054735594661,1,1.347584700543485,,
2022-06-14 04:00:00+00:00,87.41,88.3,85.8201,86.99,85916006.0,495944.0,87.025053,110.45423139275204,98.36049999999999,86.26676860724794,-0.6404955421479315,0.9428611663868424,37.75853959962926,49.02959045788829,85916006.0,0,0,24.187462785504096,1,0.969773936302789,,
2022-06-15 04:00:00+00:00,87.9,90.86,86.19,89.3,98072061.0,565403.0,88.387923,110.25448118899388,97.70199999999998,85.14951881100609,-1.1661340739563428,0.5210621183182054,41.03609698112618,47.96379132765334,98072061.0,0,0,25.10496237798779,1,0.5671856380429977,24.446207512007756,0.02655477641108176
2022-06-16 04:00:00+00:00,86.63,86.73,80.64,82.05,105939399.0,635570.0,82.785826,111.27799309711246,96.99049999999998,82.70300690288751,-2.1430174356414824,-0.011753792473732257,34.835866216162344,46.21340131278787,105939399.0,0,0,28.574986194224948,1,0.05863671695448521,,
2022-06-17 04:00:00+00:00,82.19,82.94,79.43,81.57,112408508.0,559218.0,81.589974,112.02759229329808,96.23549999999997,80.44340770670186,-2.9222506399743935,-0.5938531619738646,34.46458517275068,44.646892494116244,112408508.0,0,0,31.584184586596223,1,-0.4969510579781454,,
2022-06-21 04:00:00+00:00,84.17,85.81,82.6,83.79,90704775.0,470137.0,84.473524,112.42119791736764,95.74999999999997,79.07880208263231,-3.3223649665603006,-1.1395555228911518,37.7681677726226,43.72972919791709,90704775.0,0,0,33.34239583473533,1,-1.017799518504523,19.522683239588577,0.02120658135283375
2022-06-22 04:00:00+00:00,84.4,86.375,83.3001,83.75,90152076.0,446460.0,84.478964,112.65840803003178,95.18399999999998,77.70959196996819,-3.6011740262323286,-1.6318792235593873,37.73126133381189,42.92993348270306,90152076.0,0,0,34.94881606006359,1,-1.487700438747319,,
2022-06-23 04:00:00+00:00,84.315,84.41,80.2251,82.43,101968252.0,516190.0,82.113957,113.0200804143817,94.74749999999997,76.47491958561825,-3.8838742977561935,-2.0822782383987484,36.464921887459454,42.06793193667058,101968252.0,0,0,36.54516082876344,1,-1.9175861242469192,14.509684206188771,0.015761194029850666
2022-06-24 04:00:00+00:00,83.56,87.53,83.0801,87.08,93282148.0,453927.0,86.240867,113.02850311835027,94.46899999999997,75.90949688164966,-3.690162267779087,-2.403855044274816,43.640833465305015,42.277652140488506,93282148.0,1,0,37.11900623670061,1,-1.4699883061888677,,
2022-06-27 04:00:00+00:00,87.355,88.22,85.25,86.16,76862989.0,371913.0,86.647108,112.62812898138284,93.83949999999997,75.0508710186171,-3.5697307654576775,-2.637030188511388,42.6153028096815,42.322672229714236,76862989.0,0,0,37.57725796276574,1,-2.4470720123132335,,
2022-06-28 04:00:00+00:00,85.71,86.73,80.43,80.78,98396988.0,587479.0,82.474619,111.95736856457867,92.76549999999997,73.57363143542128,-3.863868696511176,-2.8823978901113456,37.12164113067441,41.62920141650893,98396988.0,-1,0,38.383737129157396,1,-3.435792968314848,66.60256790421197,0.07234726688102891
2022-06-29 04:00:00+00:00,79.55,79.75,76.51,77.99,106294943.0,629905.0,77.711395,111.31411599601367,91.57199999999997,71.82988400398628,-4.272850053359235,-3.1604883227609237,34.62855484275258,40.69578187334142,106294943.0,0,0,39.48423199202739,1,-2.946689354843304,,
2022-06-30 04:00:00+00:00,77.73,78.91,75.48,76.47,108247435.0,551031.0,77.052422,110.59833031413493,90.33449999999998,70.07066968586503,-4.665837155694788,-3.4615580893476965,33.315797593802955,39.71178396940296,108247435.0,0,0,40.5276606282699,1,-3.2340469616056557,17.942109899946722,0.019489678163867114
2022-07-01 04:00:00+00:00,75.185,75.45,72.69,73.67,89631362.0,558373.0,73.758614,108.26887629213556,88.58849999999998,68.9081237078644,-5.143922923556616,-3.7980310561894806,30.985518433239566,38.54828189791451,89631362.0,0,0,39.360752584271154,-1,-3.694905708034989,,
2022-07-05 04:00:00+00:00,71.98,75.21,71.6,75.2,97495437.0,566552.0,73.822974,105.76198234641674,87.03349999999999,68.30501765358323,-5.337820058792431,-4.105988856710071,33.713858849956296,37.90369215818674,97495437.0,0,0,37.45696469283351,-1,-3.9888376346600056,,
2022-07-06 04:00:00+00:00,75.17,76.28,73.55,75.35,86988498.0,461879.0,74.835996,102.82633553769934,85.51849999999999,68.21066446230064,-5.416938098549352,-4.368178705077927,33.98938107877444,37.3817840142651,86988498.0,0,0,34.615671075398694,-1,-4.239086100982367,,
2022-07-07 04:00:00+00:00,77.195,79.99,76.9,79.3,85844162.0,460862.0,78.835965,99.1339942589433,84.21949999999998,69.30500574105666,-5.102093963332706,-4.514961756728883,40.94994938719119,37.857539397321915,85844162.0,1,0,29.828988517886643,-1,-3.6246554738363317,-70.35363963653036,-0.0764218813628342
2022-07-08 04:00:00+00:00,78.31,80.47,77.4,79.35,84818800.0,426511.0,79.03513,95.72447814168156,83.09199999999997,70.45952185831838,-4.793289082882822,-4.57062722195967,41.03470821445504,38.281161906273,84818800.0,0,0,25.264956283363176,-1,-4.432314142320613,,
2022-07-11 04:00:00+00:00,77.845,78.29,75.8417,76.95,78369294.0,400092.0,77.128464,92.62973325238212,81.99949999999998,71.36926674761784,-4.68817655167129,-4.594137087901994,38.20033061330997,38.27038440054459,78369294.0,-1,0,21.26046650476428,-1,-5.209281731589941,27.844098121517135,0.03024574669187135
2022-07-12 04:00:00+00:00,76.98,77.44,74.43,76.36,79942138.0,410537.0,76.112004,90.19142682362575,81.07649999999998,71.96157317637422,-4.5994624425833734,-4.59520215883827,37.514323017337595,38.169576216116994,79942138.0,0,0,18.22985364725153,-1,-4.455769818816562,,
2022-07-13 04:00:00+00:00,74.94,79.11,74.48,77.52,81164531.0,444036.0,77.541122,89.41894714140527,80.60299999999998,71.78705285859469,-4.385005947513548,-4.553162916573326,39.80321735052779,38.387395034038434,81164531.0,1,1,17.631894282810578,-1,-3.6611167698106692,,
2022-07-14 04:00:00+00:00,78.23,79.25,76.0,78.6,85238590.0,456067.0,77.699808,88.52979564537802,80.18349999999997,71.83720435462192,-4.080859053113954,-4.458702143881451,41.9357918978432,38.86051461587907,85238590.0,0,0,16.6925912907561,-1,-4.325486668616187,,
2022-07-15 04:00:00+00:00,79.36,81.2,77.9,81.11,79518574.0,424139.0,79.883264,87.02241058440075,79.77399999999997,72.5255894155992,-3.595833890229784,-4.286128493151118,46.66489462795156,39.901098617488735,79518574.0,0,0,14.496821168801546,-1,-4.160772848871627,-57.26595858011592,-0.062205343111576744
2022-07-18 04:00:00+00:00,82.21,84.47,80.94,81.43,92630294.0,435721.0,82.627558,86.95743303386045,79.74299999999997,72.52856696613948,-3.1493231912153448,-4.058767432763963,47.254708359349976,40.88157991640357,92630294.0,0,0,14.428866067720975,-1,-3.9437669006341336,,
2022-07-19 04:00:00+00:00,82.76,86.41,82.19,85.88,87906665.0,420222.0,84.789488,87.6218707335639,79.95849999999999,72.29512926643608,-2.408617393512131,-3.7287374249135965,54.74891160513796,42.73055747490149,87906665.0,0,0,15.326741467127817,1,-3.4890576699706353,-50.30885360352256,-0.054648164067296924
2022-07-20 04:00:00+00:00,85.39,89.9198,85.08,89.43,90487598.0,451816.0,88.179498,88.80875180535945,80.24049999999998,71.67224819464052,-1.517652823875565,-3.28652050470599,59.671634758040014,44.989367779319956,90487598.0,0,0,17.136503610718933,1,-3.066981427306626,,
2022-07-21 04:00:00+00:00,89.6,91.58,88.22,91.09,92552407.0,458931.0,90.255417,90.30054879798107,80.60749999999999,70.91445120201891,-0.6698868183326567,-2.7631937674313236,61.76617427051704,47.22627531147957,92552407.0,0,0,19.386097595962156,1,-2.5674894973035665,,
2022-07-22 04:00:00+00:00,90.2,90.69,87.04,88.1,81412359.0,417296.0,88.399173,91.09868906266485,80.89099999999998,70.68331093733511,-0.23656716363855423,-2.2578684466727696,56.1130373917729,48.41117692218535,81412359.0,0,0,20.415378125329738,1,-2.0851791130500077,13.691065718548069,0.014871966901487335
2022-07-25 04:00:00+00:00,86.57,87.6,85.12,87.54,72153060.0,370523.0,86.565181,91.17927622619324,80.91399999999997,70.64872377380671,0.06095184973874268,-1.7941043873904672,55.095946031284306,49.30247947006521,72153060.0,0,0,20.53055245238653,1,-1.642537091273483,,
2022-07-26 04:00:00+00:00,87.0,87.749,84.71,85.25,70951043.0,363392.0,85.893196,91.0480722405242,80.86849999999997,70.68892775947573,0.11067812119115672,-1.4131478856741424,51.02312453185647,49.531898811637376,70951043.0,0,0,20.359144481048475,-1,-1.4186415448926628,24.082290171198366,0.026159469956591342
2022-07-27 04:00:00+00:00,86.94,90.62,86.29,89.82,82612596.0,426960.0,88.724144,92.22145312346815,81.32049999999997,70.41954687653178,0.5129345661046898,-1.027931395318376,57.73737584407146,50.62596241596192,82612596.0,0,0,21.80190624693637,1,-0.9112592885774392,,
2022-07-28 04:00:00+00:00,90.415,92.22,88.5909,91.67,80512351.0,445576.0,90.597653,93.67340479008416,82.00449999999998,70.3355952099158,0.9698256888591175,-0.6283799784828773,60.12075769150926,51.891935119368235,80512351.0,0,0,23.33780958016837,1,-0.52990535781912,,
2022-07-29 04:00:00+00:00,90.7,94.81,90.56,94.47,79387566.0,456855.0,93.182691,95.4693294457206,82.90449999999997,70.33967055427934,1.5400984979817025,-0.19468428318996134,63.47785854336475,53.436724909234435,79387566.0,0,0,25.129658891441267,1,-0.11596224265552149,-47.65941936944322,-0.05177020708082839
2022-08-01 04:00:00+00:00,95.59,98.39,93.96,96.78,98354814.0,603629.0,96.68371,97.2503343399646,84.05999999999997,70.86966566003535,2.15361595814349,0.274975765076729,66.0193453707279,55.114407637433565,98354814.0,0,0,26.380668679929244,1,0.33230723651487826,,
2022-08-02 04:00:00+00:00,95.71,100.915,95.36,99.29,118257974.0,721499.0,98.386013,99.36670901135878,85.26449999999997,71.16229098864116,2.809977319146114,0.781976075890606,68.57800114356364,56.90955343825091,118257974.0,0,0,28.20441802271762,1,0.81621632375049,23.875745921658297,0.025935110560033118
2022-08-03 04:00:00+00:00,94.83,98.7693,93.62,98.09,135665534.0,735719.0,97.1231,100.78692495027688,86.40149999999997,72.01607504972306,3.1964715214228363,1.2648751649970522,66.01859841293029,58.12409276820816,135665534.0,0,0,28.770849900553827,1,1.277121874402497,,
2022-08-04 04:00:00+00:00,97.5,104.59,97.26,103.91,127551873.0,732422.0,102.274632,103.5098834861592,87.63199999999998,71.75411651384076,3.927126847748795,1.7973255015474008,71.56203136744999,59.91581791477373,127551873.0,0,0,31.75576697231844,1,1.7853218712521264,54.62193675104797,0.05933326536853902
2022-08-05 04:00:00+00:00,101.05,103.86,100.98,102.31,95710502.0,532440.0,102.504674,105.39944644084319,88.77999999999997,72.16055355915675,4.327188692046917,2.3032981396473042,68.26504194088939,61.02904778492249,95710502.0,0,0,33.23889288168644,1,2.2682500909135195,,
2022-08-08 04:00:00+00:00,100.06,101.8,97.99,100.07,94278290.0,578324.0,99.996816,106.31780991221852,89.93599999999996,73.55419008778141,4.412625308610444,2.725163573439932,63.831196035469,61.40266755166203,94278290.0,0,0,32.763619824437114,-1,2.5311913805781048,,
2022-08-09 04:00:00+00:00,97.95,98.0461,93.67,95.54,91706183.0,540471.0,95.650922,106.19546992742605,90.89499999999997,75.59453007257389,4.067908979039302,2.9937126545598063,55.920923668941036,60.67176836729923,91706183.0,-1,0,30.600939854852157,-1,2.032980974445386,-60.91712926738175,-0.06617143974196067
2022-08-10 04:00:00+00:00,98.45,99.35,95.61,99.05,86408023.0,476836.0,97.819858,106.35870441920765,91.97149999999996,77.58429558079227,4.0314741455685805,3.2012649527615613,60.05186099100322,60.58911405045976,86408023.0,0,0,28.774408838415383,-1,2.985608821721889,,
2022-08-11 04:00:00+00:00,99.93,102.37,98.0,98.12,79381382.0,446686.0,100.049889,106.17560473953351,92.94749999999996,79.71939526046641,3.882797576375637,3.3375714774843765,58.487841259296204,60.30894434497129,79381382.0,0,0,26.4562094790671,-1,3.1157072941606767,,
2022-08-12 04:00:00+00:00,99.2,101.4,98.48,100.83,74262074.0,406614.0,100.563591,106.40328151372618,93.93349999999997,81.46371848627375,3.938247015596261,3.457706585106753,61.62432346341896,60.48432822743098,74262074.0,1,0,24.939563027452436,-1,3.984899348598981,16.54376556864152,0.017970721857647663
2022-08-15 04:00:00+00:00,100.505,101.85,99.8002,101.01,62497924.0,366784.0,100.792873,106.33220030255043,94.91249999999997,83.4927996974495,3.951168974921856,3.5563990630697737,61.83060987807669,60.66383244751707,62497924.0,0,0,22.839400605100934,-1,3.3245684229292465,,
2022-08-16 04:00:00+00:00,100.98,101.45,98.3201,100.2,61542951.0,368687.0,99.949057,106.47438636304436,95.62849999999997,84.78261363695559,3.851650065847366,3.615449263625292,60.26080135510598,60.61009496852893,61542951.0,-1,0,21.69177272608877,-1,2.626400719121426,,
2022-08-17 04:00:00+00:00,99.26,99.64,96.725,98.27,65343576.0,391338.0,97.86737,106.58539510171549,96.07049999999997,85.55560489828444,3.575825848585623,3.6075245806173584,56.575057661138615,60.072089994210216,65343576.0,0,-1,21.029790203431048,-1,3.3733654394265047,,
2022-08-18 04:00:00+00:00,97.74,101.07,96.7342,100.44,77748432.0,423358.0,99.621102,106.95655191473666,96.53799999999998,86.1194480852633,3.4920795148496495,3.5844355674638164,59.56931059320279,60.00505274074256,77748432.0,0,0,20.837103829473364,-1,3.3513280105689844,,
2022-08-19 04:00:00+00:00,98.67,99.245,94.59,95.95,69590698.0,446030.0,96.387278,106.613432355442,96.93049999999998,87.24756764455796,3.0284938742889977,3.4732472288288525,51.63570455432354,58.88913964922003,69590698.0,0,0,19.36586471088404,-1,3.2452037216632883,-46.1163567999394,-0.050094050094050116
2022-08-22 04:00:00+00:00,94.4,95.02,92.36,92.84,64976078.0,381865.0,93.320767,106.09428750168081,97.19549999999998,88.29671249831915,2.3826818325473056,3.255134149572543,46.969510241798844,57.29985572823053,64976078.0,0,0,17.797575003361658,-1,3.0370245571818373,,
2022-08-23 04:00:00+00:00,92.39,94.44,92.11,92.49,53780643.0,319631.0,93.255292,104.94354054958252,97.55749999999998,90.17145945041743,1.8216304399286258,2.9684334076437597,46.46065948871852,55.854629562962266,53780643.0,0,0,14.772081099165092,-1,2.7633815408416327,,
2022-08-24 04:00:00+00:00,92.21,93.38,90.9,92.73,57862326.0,314023.0,92.418261,104.57002876068391,97.70299999999999,90.83597123931607,1.3804462384190685,2.6508359737988214,46.88558681268843,54.65875719625909,57862326.0,0,0,13.734057521367845,-1,2.460249015984668,,
2022-08-25 04:00:00+00:00,93.14,97.57,93.14,97.18,62813751.0,379874.0,96.305887,104.27355925310255,97.97849999999998,91.68344074689742,1.3740432744053948,2.395477433920136,54.15164471650576,54.59114219895864,62813751.0,0,0,12.59011850620513,-1,2.2165207276288905,43.035162048461466,0.046747091770788486
2022-08-26 04:00:00+00:00,96.29,97.5999,91.12,91.18,69725957.0,440375.0,93.501308,104.61852320152244,97.814,91.00947679847755,0.8747356157119981,2.0913290702785083,45.17764626680199,53.33600940800442,69725957.0,0,0,13.609046403044886,1,2.0659351086686835,,
2022-08-29 04:00:00+00:00,90.05,91.19,88.26,88.49,63310225.0,421591.0,89.272419,105.3233790374451,97.39949999999999,89.47562096255488,0.2589847649896768,1.7248602092207421,41.83065402071925,51.80196202303306,63310225.0,0,0,15.847758074890208,1,1.716156995574312,,
2022-08-30 04:00:00+00:00,90.055,90.15,85.34,86.94,70944550.0,425126.0,86.862892,105.86099025222798,96.782,87.70300974777201,-0.35003923218582145,1.3098803209394294,39.992128242588,50.22731751897372,70944550.0,0,0,18.157980504455963,1,1.320077279889353,-42.80900301782081,-0.04650142575126134
2022-08-31 04:00:00+00:00,86.28,86.72,83.72,84.87,67717829.0,427485.0,84.960195,106.54776152983524,96.12100000000001,85.69423847016478,-0.9883339395776005,0.8502374688360234,37.614449837278336,48.545601828081004,67717829.0,0,0,20.853523059670465,1,0.8813687657689618,,
2022-09-01 04:00:00+00:00,82.345,82.755,78.52,82.33,97193010.0,620115.0,80.593046,106.44222034875008,95.042,83.64177965124992,-1.6797804033224253,0.3442338944043336,34.87454662240767,46.72279446732456,97193010.0,0,0,22.800440697500164,1,0.3984110187645711,,
2022-09-02 04:00:00+00:00,83.315,83.65,79.805,80.24,86848658.0,479638.0,81.590991,106.52218988016008,93.9385,81.35481011983993,-2.369092813341041,-0.19843144714474134,32.759979927044306,44.86108586195386,86848658.0,0,0,25.16737976032016,1,-0.11953874280829052,-50.222188498651356,-0.05455402380110769
2022-09-06 04:00:00+00:00,80.41,80.89,78.3724,78.72,70596350.0,405028.0,79.246245,106.74877057023383,92.87100000000001,78.99322942976619,-3.0034077463944726,-0.7594267069946876,31.274766461932984,43.04957660861774,70596350.0,0,0,27.755541140467642,1,-0.6549835903700327,,
2022-09-07 04:00:00+00:00,79.24,80.25,77.74,79.61,69918167.0,368967.0,78.993248,107.0344792446397,92.0745,77.1145207553603,-3.39515411563697,-1.286572188723144,33.1848454637,41.734279122628706,69918167.0,0,0,29.919958489279395,1,-1.15812034090595,,
2022-09-08 04:00:00+00:00,80.03,83.45,79.24,82.78,90577387.0,499468.0,81.800196,106.38382632314688,91.261,76.13817367685311,-3.4105092013325304,-1.7113595912450212,39.621649520141254,41.45259517563038,90577387.0,0,0,30.245652646293763,1,-1.5635608896377038,-47.47989972331321,-0.05157520325203255
2022-09-09 04:00:00+00:00,84.03,85.68,83.84,85.45,70812119.0,413654.0,84.953593,105.6087868272407,90.6275,75.64621317275929,-3.170681884412147,-2.0032240498784466,44.473755676077246,41.85541657568996,70812119.0,1,0,29.962573654481417,-1,-1.227314337800099,,
2022-09-12 04:00:00+00:00,84.89,85.3488,83.46,84.64,73721740.0,403157.0,84.350334,104.2460845575582,89.81800000000001,75.38991544244182,-3.0112652471165546,-2.204832289326068,43.33598135821227,42.0528252133596,73721740.0,0,0,28.856169115116387,-1,-2.1742688472406346,,
2022-09-13 04:00:00+00:00,80.955,81.47,76.8,77.03,85498836.0,534298.0,78.554878,103.11291720688577,88.619,74.12508279311423,-3.459115286305291,-2.455688888721913,34.42524357728717,41.03581432854994,85498836.0,-1,0,28.987834413771537,1,-3.0285183395358075,90.71286203254802,0.09853715623171447
2022-09-14 04:00:00+00:00,77.1,78.08,75.87,77.45,73400887.0,395359.0,77.114673,101.73012839013121,87.48150000000001,73.23287160986881,-3.737070555911231,-2.7119652221597765,35.21697083315892,40.25996852916447,73400887.0,0,0,28.497256780262404,-1,-2.6583045162538017,,
2022-09-15 04:00:00+00:00,76.64,77.97,74.905,76.66,83731018.0,455246.0,76.546617,100.48986496493076,86.40100000000001,72.31213503506926,-3.9752740229140358,-2.9646269823106284,34.376234724208985,39.475470688503734,83731018.0,0,0,28.1777299298615,-1,-2.8994588491528717,,
2022-09-16 04:00:00+00:00,75.62,76.82,74.68,76.51,81673043.0,387439.0,75.722758,98.35430376279626,85.20450000000001,72.05469623720376,-4.128564214749119,-3.1974144287983264,34.20924106035345,38.7733067380837,81673043.0,0,0,26.299607525592506,-1,-3.1216440398659486,,
2022-09-19 04:00:00+00:00,75.39,77.34,75.35,76.77,66327787.0,354513.0,76.535098,96.90937061683958,84.2455,71.58162938316043,-4.180873462315077,-3.3941062355016767,34.80046627732948,38.2435946766498,66327787.0,0,0,25.32774123367915,-1,-3.3093775591921,,
2022-09-20 04:00:00+00:00,76.08,76.58,74.7312,75.25,52385197.0,290193.0,75.649761,95.96323207693047,83.36600000000001,70.76876792306956,-4.295464770666584,-3.574377942534658,32.93697775216853,37.53604575338563,52385197.0,0,0,25.194464153860906,-1,-3.481438828868047,26.14990428810668,0.028405422853453877
2022-09-21 04:00:00+00:00,75.435,78.41,74.45,74.48,83922318.0,448547.0,76.089135,94.8988977254834,82.4655,70.03210227451662,-4.397717621703606,-3.7390458783684477,32.002105994890535,36.798187118919614,83922318.0,0,0,24.866795450966777,-1,-3.6386069978547404,,
2022-09-22 04:00:00+00:00,73.89,74.29,69.17,69.5,104984107.0,601513.0,70.789867,94.02177873687296,81.304,68.58622126312704,-4.824978771414067,-3.9562324569775713,26.71978738818643,35.45440048815519,104984107.0,0,0,25.435557473745916,1,-3.7061914881728253,61.55431741179468,0.06686358754027932
2022-09-23 04:00:00+00:00,68.0,69.0801,66.8216,67.96,90955509.0,514074.0,67.726887,91.60764211100589,79.843,68.07835788899412,-5.227591025216682,-4.210504170625393,25.327543972711673,34.10415295276272,90955509.0,0,0,23.529284222011768,-1,-4.088592820367325,,
2022-09-26 04:00:00+00:00,67.87,68.74,66.25,66.3,85394994.0,416145.0,67.224166,90.56535767475019,78.599,66.63264232524982,-5.6158759417262445,-4.491578524845563,23.882961304240986,32.741327399626485,85394994.0,0,0,23.93271534950037,1,-4.217155330860243,22.48658799701028,0.024426133019423143
2022-09-27 04:00:00+00:00,67.9,68.78,66.0,67.17,96721670.0,467009.0,67.366288,89.58315867115687,77.533,65.48284132884314,-5.786687475268181,-4.750600314930087,26.256884435010342,31.876735004344333,96721670.0,0,0,24.10031734231373,1,-4.464380027454069,,
2022-09-28 04:00:00+00:00,67.11,68.7979,66.56,68.36,75421032.0,389767.0,68.031954,88.47348254980214,76.604,64.73451745019786,-5.759640243994568,-4.952408300742983,29.495889293215065,31.559288909527098,75421032.0,0,0,23.738965099604286,-1,-4.796707081372838,,
2022-09-29 04:00:00+00:00,67.15,67.2,62.8301,64.14,106424560.0,538138.0,64.358146,87.97685916959671,75.56750000000001,63.15814083040332,-6.009450644062312,-5.163816769406848,25.258922079318875,30.719239998832666,106424560.0,0,0,24.81871833919339,1,-4.858776624559887,41.52753233961994,0.04510942384993302
2022-09-30 04:00:00+00:00,63.615,65.91,63.34,63.36,84336596.0,422110.0,64.368489,87.69768173785334,74.619,61.540318262146656,-6.198909497174512,-5.370835314960381,24.556769213662992,29.89757722747671,84336596.0,0,0,26.15736347570669,1,-5.056366553565729,,
2022-10-03 04:00:00+00:00,64.46,66.91,63.39,66.11,87365551.0,405152.0,65.762735,87.22478135970934,73.9125,60.600218640290656,-6.057329857907135,-5.508134223549732,31.75926975465847,30.14580289776761,87365551.0,1,0,26.624562719418684,1,-4.4328837366788525,-39.95640165549755,-0.043402777777777776
2022-10-04 04:00:00+00:00,68.27,69.18,67.33,67.9,80116250.0,426200.0,68.246486,86.7376412157758,73.3715,60.00535878422421,-5.734584216225798,-5.553424222084945,36.039617873688826,30.931644894557106,80116250.0,0,0,26.73228243155159,1,-5.230639486937622,,
2022-10-05 04:00:00+00:00,66.59,68.69,64.515,67.94,88725753.0,445772.0,66.638228,86.0321800048193,72.78800000000001,59.54381999518072,-5.413178551475724,-5.5253750879631,36.136019210244676,31.625561469982117,88725753.0,0,1,26.488360009638576,-1,-5.343578215583627,,
2022-10-06 04:00:00+00:00,67.82,70.29,67.661,67.85,100153572.0,498467.0,68.570445,84.61480549219475,72.04150000000001,59.46819450780527,-5.106855839190331,-5.441671238208547,36.00452811878148,32.20942368982203,100153572.0,0,0,25.146610984389476,-1,-5.263686640235654,,
2022-10-07 04:00:00+00:00,64.0101,64.03,58.22,58.44,169798855.0,906440.0,60.551521,83.01314250851134,70.691,58.368857491488676,-5.559316895500174,-5.4652003696668725,25.540186938945286,31.320192123038467,169798855.0,-1,-1,24.64428501702266,-1,-6.040672617577069,128.25969623843304,0.13932253313696624
2022-10-10 04:00:00+00:00,57.31,58.79,56.3,57.81,115575214.0,577866.0,57.463739,81.13533128167283,69.3495,57.56366871832718,-5.900711547646068,-5.552302605262712,25.01597393190514,30.479629697554024,115575214.0,0,0,23.571662563345654,-1,-5.369279324715215,,
2022-10-11 04:00:00+00:00,57.21,58.915,56.05,57.63,117469049.0,559906.0,57.512282,80.66011639332737,68.37950000000001,56.09888360667264,-6.115300388527942,-5.664902161915758,24.858979713179625,29.730209699637438,117469049.0,0,0,24.561232786654728,1,-5.337040187213009,,
2022-10-12 04:00:00+00:00,57.45,58.32,56.32,57.85,91094840.0,452888.0,57.524408,79.75632884076907,67.3995,55.04267115923094,-6.1961856582954695,-5.7711588611917,25.47458945035745,29.162793666400106,91094840.0,0,0,24.71365768153813,1,-5.438457447247324,,
2022-10-13 04:00:00+00:00,55.52,60.14,54.57,58.94,133960552.0,702358.0,57.981749,78.62599317853528,66.5135,54.401006821464705,-6.101993939072919,-5.8373258767679435,28.595921089074945,29.087210656090082,133960552.0,0,0,24.224986357070577,-1,-5.641321270672991,,
2022-10-14 04:00:00+00:00,59.6,59.94,55.835,55.94,99674924.0,485628.0,56.989339,77.52057310642334,65.485,53.44942689357666,-6.197974854906285,-5.9094556723956115,25.4380215594993,28.600652109877977,99674924.0,0,0,24.071146212846685,-1,-5.710165929779107,29.778819824369222,0.03234734475004332
2022-10-17 04:00:00+00:00,57.35,58.51,57.1,57.96,79726448.0,401192.0,57.873187,75.82154478132722,64.5445,53.26745521867278,-6.041401784919245,-5.935844894900338,30.96606734336891,28.91604080767677,79726448.0,1,0,22.55408956265444,-1,-4.980824785364495,,
2022-10-18 04:00:00+00:00,59.91,60.49,56.4,57.92,104826226.0,498300.0,57.874303,74.16721846469288,63.67800000000001,53.18878153530714,-5.8530735758419965,-5.9192906310886695,30.917185512365837,29.18286010163531,104826226.0,0,1,20.978436929385737,-1,-5.719552957326521,,
2022-10-19 04:00:00+00:00,57.325,59.0376,56.57,57.23,77142146.0,382511.0,57.466393,72.40855889693471,62.81550000000001,53.22244110306531,-5.69386402655536,-5.874205310182008,30.036374561346385,29.296662029596785,77142146.0,0,0,19.1861177938694,-1,-5.676521037971986,,
2022-10-20 04:00:00+00:00,57.47,60.2,57.4,57.77,81451770.0,401287.0,58.667304,71.54596066322371,62.229000000000006,52.9120393367763,-5.461162937780294,-5.791596835701665,31.67688782756024,29.614025469325245,81451770.0,0,0,18.633921326447407,-1,-5.597674949259461,,
2022-10-21 04:00:00+00:00,57.215,58.91,55.71,58.82,98224852.0,474642.0,57.530587,70.81222920063753,61.772000000000006,52.73177079936248,-5.1328511111014805,-5.659847690781628,34.874590854379385,30.315434187332464,98224852.0,0,0,18.080458401275052,-1,-5.471926291709363,,
2022-10-24 04:00:00+00:00,58.57,59.0,56.66,58.7,79277680.0,406937.0,58.202591,70.27653847985684,61.39200000000001,52.50746152014318,-4.826705365286436,-5.49321922568259,34.674852375316576,30.896689945730344,79277680.0,0,0,17.769076959713658,-1,-5.312886885354546,,
2022-10-25 04:00:00+00:00,58.765,61.975,58.69,61.47,89244527.0,420263.0,61.139412,69.58840813780702,61.107000000000006,52.62559186219299,-4.3108737369095635,-5.256750127927985,42.81640572740787,32.48598538328735,89244527.0,0,0,16.96281627561403,-1,-5.0871877234148455,-55.75034824776996,-0.060559006211180086
2022-10-26 04:00:00+00:00,59.69,61.77,59.15,59.73,82069902.0,427852.0,60.362321,68.48879245581234,60.675500000000014,52.86220754418769,-3.996408800296237,-5.004681862401635,39.48722303134408,33.41948373636158,82069902.0,0,0,15.626584911624654,-1,-4.846599854551194,,
2022-10-27 04:00:00+00:00,61.6,62.72,58.51,58.6,86917081.0,470206.0,60.316765,68.09275831383792,60.3985,52.70424168616207,-3.794632467618605,-4.7626719834450295,37.450647013861605,33.95697217336158,86917081.0,0,0,15.388516627675848,-1,-4.615612265135526,17.416254953644827,0.018918466432278513
2022-10-28 04:00:00+00:00,59.1,62.35,58.92,62.01,80973628.0,430112.0,61.307786,67.94340277442411,60.331,52.718597225575884,-3.3212791304196756,-4.474393412839959,46.429668047824734,35.61999828995666,80973628.0,0,0,15.22480554884823,-1,-4.340463281997529,,
2022-10-31 04:00:00+00:00,60.75,61.86,59.525,60.06,75783457.0,390512.0,60.313149,67.1641829385881,60.02850000000001,52.89281706141192,-3.068124474432821,-4.193139625158532,42.65849379502272,36.5584643572988,75783457.0,0,0,14.27136587717618,-1,-4.072019139507759,28.9495438409642,0.031446540880503075
2022-11-01 04:00:00+00:00,61.485,61.99,59.425,59.66,86076628.0,435967.0,60.442955,65.77068971108751,59.61650000000001,53.462310288912505,-2.8667283824267997,-3.9278573766121854,41.906571067976145,37.27154525205578,86076628.0,0,0,12.308379422175008,-1,-3.8188191157290765,,
2022-11-02 04:00:00+00:00,62.9999,63.93,58.57,58.63,145567630.0,775040.0,61.240069,63.982748751751906,59.15100000000001,54.319251248248115,-2.7584353943032554,-3.6939729801503995,39.95364407707348,37.62915842872481,145567630.0,0,0,9.663497503503791,-1,-3.5955869354000525,15.893619828477002,0.017264498826684446
2022-11-03 04:00:00+00:00,58.11,62.28,58.03,60.11,97890442.0,529203.0,60.498595,61.55615615610182,58.76400000000001,55.9718438438982,-2.524092621336905,-3.4599969083877005,43.992507646162366,38.477604991049816,97890442.0,0,0,5.584312312203622,-1,-3.3722672551026047,,
2022-11-04 04:00:00+00:00,62.5,63.0,60.53,62.19,88642723.0,448886.0,61.758746,62.11093206922645,58.95150000000001,55.79206793077357,-2.1458002194819343,-3.197157570606547,49.16739819822296,39.902910752006235,88642723.0,0,0,6.318864138452881,1,-2.9816885094318035,-31.855575242334695,-0.03460322741640323
2022-11-07 05:00:00+00:00,62.93,63.53,61.4,63.08,65658490.0,332753.0,62.384747,62.80004951152052,59.21500000000001,55.6299504884795,-1.7539665688037474,-2.9085193702459873,51.24327200354417,41.41495891887796,65658490.0,0,0,7.170099023041018,1,-2.706196275800642,,
2022-11-08 05:00:00+00:00,64.09,64.96,62.3678,63.85,77656124.0,449120.0,63.940308,63.55835613507284,59.525999999999996,55.49364386492715,-1.3655616679156637,-2.5999278297799227,53.03042067283423,42.96368715273879,77656124.0,0,0,8.06471227014569,1,-2.411659472783997,,
2022-11-09 05:00:00+00:00,62.28,63.05,59.8,59.92,66116142.0,368517.0,60.849358,63.59009326364843,59.62950000000001,55.66890673635159,-1.3591981510612854,-2.351781894036195,44.13790987416436,43.120250182262204,66116142.0,0,0,7.92118652729684,-1,-2.3145256628050266,46.11733927537751,0.05009511731135061
2022-11-10 05:00:00+00:00,64.3,68.8,63.62,68.47,113452735.0,576459.0,66.974264,65.61180566312107,60.10600000000001,54.600194336878936,-0.6566717700379314,-2.0127598692365423,59.89448108746161,45.356814302955456,113452735.0,0,0,11.01161132624214,1,-1.8512339547316996,,
2022-11-11 05:00:00+00:00,69.58,73.32,68.29,72.37,114610665.0,611845.0,71.548664,68.29122697756085,60.92750000000001,53.56377302243917,0.21233518683265373,-1.567740858022703,64.77512548082859,47.94592246000521,114610665.0,0,0,14.727453955121682,1,-1.4264832417128286,-52.436430950144484,-0.05695925222725289
2022-11-14 05:00:00+00:00,75.22,75.25,72.67,73.53,111887472.0,587885.0,74.169199,70.75053514560364,61.706,52.66146485439637,0.983296931539428,-1.0575333001102767,66.09670412251953,50.36602668167378,111887472.0,0,0,18.089070291207264,1,-0.9395129807798939,,
2022-11-15 05:00:00+00:00,77.26,79.16,75.39,76.37,111474702.0,605498.0,77.074317,73.51608058523823,62.62850000000001,51.74091941476179,1.8026738320186553,-0.4854918736844903,69.14856006428622,52.8703644660221,111474702.0,0,0,21.775161170476437,1,-0.39352506199875437,-35.556795911398986,-0.038623691010471965
2022-11-16 05:00:00+00:00,73.655,74.8268,71.925,72.7,84604063.0,445590.0,73.028786,74.83023100921828,63.40200000000001,51.97376899078173,2.1313289667870663,0.03787229440982101,61.45052137709587,54.014385387498606,84604063.0,0,0,22.856462018436552,1,0.10600259404506415,,
2022-11-17 05:00:00+00:00,70.56,74.38,70.16,73.9,84368587.0,432254.0,73.310301,76.19601062564922,64.20850000000002,52.22098937435081,2.4602601525254357,0.522349866032944,62.90469337965865,55.19975978645328,84368587.0,0,0,23.975021251298415,1,0.5684147355562291,15.19552397484455,0.016506189821182984
2022-11-18 05:00:00+00:00,75.07,75.3499,72.18,73.57,76099881.0,353764.0,73.348932,77.32522194647356,64.94600000000001,52.56677805352646,2.663607831921297,0.9506014592106146,62.209712523363535,56.13442015137465,76099881.0,0,0,24.7584438929471,1,0.9771616991017412,,
2022-11-21 05:00:00+00:00,72.21,72.98,71.57,72.46,53517331.0,283706.0,72.315418,78.07752425963214,65.63400000000001,53.19047574036789,2.7040243005998548,1.3012860274884626,59.81584688834858,56.62527704963784,53517331.0,0,0,24.887048519264255,1,1.3118744117439347,,
2022-11-22 05:00:00+00:00,72.72,75.33,72.1091,75.25,58299872.0,280902.0,73.972528,79.28325169508886,66.32300000000001,53.36274830491115,2.9274386358824813,1.6265165491672664,63.606636477486546,57.556124973351,58299872.0,0,0,25.920503390177714,1,1.6222923770388864,21.0221616169591,0.02283539486203625
2022-11-23 05:00:00+00:00,75.49,78.22,75.3,76.4,83609539.0,413795.0,76.670931,80.4533000285801,67.15650000000002,53.85969997141995,3.160855124940028,1.9333842643218186,65.06935184444355,58.557888556163334,83609539.0,0,0,26.593600057160153,1,1.9151838660088623,,
2022-11-25 05:00:00+00:00,75.67,76.0393,74.7495,75.14,26953096.0,143371.0,75.435266,81.10499728499182,67.98350000000002,54.86200271500822,3.20719733004276,2.188146877466007,62.12324074779251,59.03326884838056,26953096.0,0,0,26.24299456998361,-1,2.0186329981939464,,
2022-11-28 05:00:00+00:00,73.81,75.4699,72.57,73.19,48127231.0,273524.0,73.764894,81.55052656055268,68.54250000000003,55.53447343944738,3.0514005126156576,2.360797604495937,57.764300578550966,58.86407307906995,48127231.0,-1,0,26.0160531211053,-1,1.428891908538436,-38.679470369083205,-0.042015706806282825
2022-11-29 05:00:00+00:00,73.62,74.4899,72.78,73.39,53584022.0,263459.0,73.584275,81.76849664596644,69.20900000000003,56.64950335403363,2.9105180999577698,2.4707417035883035,58.089113813069936,58.76074517693661,53584022.0,0,0,25.11899329193281,-1,2.288357101808054,,
2022-11-30 05:00:00+00:00,73.38,77.7,72.8131,77.63,96761061.0,414573.0,75.578971,82.373620617377,70.10750000000003,57.84137938262306,3.1052054621208782,2.5976344552948185,64.34875293255456,59.50581287768567,96761061.0,1,0,24.53224123475394,-1,3.1639990248378975,53.18605934275635,0.05777353862924097
2022-12-01 05:00:00+00:00,78.31,79.23,76.44,77.48,62681526.0,347887.0,77.397108,82.51423307509256,71.05000000000003,59.585766924907496,3.21038552692535,2.7201846696209246,63.98466320471451,60.10299292128951,62681526.0,0,0,22.928466150185066,-1,2.5264392398967264,,
2022-12-02 05:00:00+00:00,75.05,76.28,73.65,74.98,66117010.0,374929.0,75.04299,82.2035783378439,71.79350000000002,61.38342166215615,3.0567757711234407,2.787502889921428,58.08575838883334,59.834028316962026,66117010.0,-1,0,20.82015667568774,-1,1.8361629905963384,,
2022-12-05 05:00:00+00:00,74.54,75.17,72.82,73.62,49053840.0,277930.0,73.914083,81.8140772036236,72.36500000000004,62.91592279637648,2.793101167334214,2.7886225454039852,55.10927293414986,59.20406093258707,49053840.0,0,0,18.89815440724712,-1,2.591760126878752,-45.8634306581141,-0.049819308208569946
2022-12-06 05:00:00+00:00,73.08,73.3911,69.4,70.27,67506517.0,375983.0,70.843318,81.23353396397266,72.72450000000003,64.21546603602741,2.2874518205781698,2.6883884004388223,48.514548183582484,57.77879256605313,67506517.0,0,-1,17.018067927945253,-1,2.496091125173268,,
2022-12-07 05:00:00+00:00,69.53,71.37,69.28,70.14,61037339.0,321798.0,70.257489,80.62797858740156,73.03900000000004,65.45002141259853,1.8548496050789538,2.5216806413668484,48.27313514275224,56.51137157627968,61037339.0,0,0,15.177957174803026,-1,2.3369760362730005,,
2022-12-08 05:00:00+00:00,70.14,71.225,69.0,70.47,59009068.0,335732.0,70.197015,78.4015688723154,73.56650000000005,68.7314311276847,1.5211031444447656,2.3215651419824317,48.96734719761772,55.505501659124754,59009068.0,0,0,9.670137744630694,-1,2.145974755635992,,
2022-12-09 05:00:00+00:00,69.49,70.67,68.52,68.59,61540985.0,321751.0,69.520311,78.38248908523133,73.57250000000003,68.76251091476874,1.0923148559770084,2.075715084781347,45.24216145537402,54.13705629862466,61540985.0,0,0,9.619978170462588,-1,1.9113218880943112,,
2022-12-12 05:00:00+00:00,68.54,70.67,67.53,70.67,62959814.0,337204.0,69.496933,78.4375297978946,73.48750000000004,68.53747020210548,0.9098475091036562,1.842541569645809,49.79304197157104,53.55785438835084,62959814.0,0,0,9.900059595789116,1,1.8284785829447874,,
2022-12-13 05:00:00+00:00,74.87,75.21,70.66,71.65,74672001.0,432185.0,72.630752,78.40771688801374,73.39350000000005,68.37928311198635,0.8346967671475767,1.6409726091461625,51.824567044787194,53.32674940920902,74672001.0,0,0,10.028433776027384,1,1.6360900387763737,18.07914873938928,0.019638537071296567
2022-12-14 05:00:00+00:00,70.93,72.0,68.32,68.93,70025593.0,375825.0,70.129189,78.19851564610721,73.02150000000005,67.84448435389288,0.549325709864064,1.4226432292897428,46.23295028644082,52.38090952617326,70025593.0,0,0,10.35403129221433,1,1.4277044250606012,,
2022-12-15 05:00:00+00:00,67.604,68.21,66.12,66.53,61803897.0,338818.0,66.700187,78.61452895443534,72.71300000000005,66.81147104556476,0.1280312836748294,1.1637208401667603,41.9337072613806,50.987949224200904,61803897.0,0,0,11.803057908870585,1,1.1805746022322225,-32.053230609928875,-0.03481793123458589
2022-12-16 05:00:00+00:00,66.25,67.19,64.8,65.41,73336039.0,279811.0,65.466036,78.95874819628484,72.28850000000004,65.61825180371524,-0.29284647227028415,0.8724073776793514,40.06147886201642,49.531086509242975,73336039.0,0,0,13.340496392569605,1,0.9025289507306826,,
2022-12-19 05:00:00+00:00,65.12,65.59,63.71,64.59,49731622.0,253917.0,64.322307,79.26989292366468,71.83950000000004,64.4091070763354,-0.6846698255347548,0.5609919370365302,38.69916348060132,48.086830105424085,49731622.0,0,0,14.860785847329282,1,0.6052968614827825,,
2022-12-20 05:00:00+00:00,63.76,66.06,63.52,65.05,54369029.0,284741.0,65.202308,79.45674786783154,71.46900000000004,63.48125213216854,-0.947156272388284,0.2593622951515673,39.93316054585119,46.9996741641477,54369029.0,0,0,15.975495735662996,1,0.3174048788261088,,
2022-12-21 05:00:00+00:00,65.43,67.845,65.21,67.68,46925823.0,250190.0,67.145802,79.04305801613806,71.09050000000005,63.137941983862035,-0.9322136735141129,0.021047101418431233,46.55715412276478,46.94067149196331,46925823.0,0,0,15.905116032276027,-1,-0.04976666983043375,31.948505911999014,0.03470417367375035
2022-12-22 05:00:00+00:00,66.08,66.31,62.2601,63.86,78107407.0,414933.0,63.485114,78.6175499753219,70.46350000000004,62.309450024678185,-1.2146123362364705,-0.22608478611254912,39.70775124701553,45.97628212597027,78107407.0,0,0,16.308099950643708,1,-0.1459326162113412,,
2022-12-23 05:00:00+00:00,63.11,64.66,62.72,64.52,47843400.0,253353.0,63.969935,78.18185118661164,69.93250000000003,61.68314881338843,-1.3693735410903258,-0.45474253710810447,41.314191703553035,45.35467006964797,47843400.0,0,0,16.49870237322321,1,-0.36417619755349767,,
2022-12-27 05:00:00+00:00,63.87,64.28,62.97,63.27,38184975.0,216936.0,63.552975,78.02854579829837,69.43650000000002,60.84445420170168,-1.5747349005502969,-0.678741009796543,39.18472564728333,44.53201081333269,38184975.0,0,0,17.184091596596687,1,-0.5779727064487867,,
2022-12-28 05:00:00+00:00,62.54,63.54,61.96,62.57,40997030.0,214649.0,62.666951,77.78123345312949,68.89550000000001,60.009766546870544,-1.7735253115169343,-0.8976978701406212,38.0034079360094,43.661530429689584,40997030.0,0,0,17.771466906258944,1,-0.7869572221840739,18.596432625180633,0.020200438459129333
2022-12-29 05:00:00+00:00,63.635,65.18,63.06,64.82,44259982.0,230160.0,64.61858,76.34072445734259,68.25500000000001,60.16927554265744,-1.729574490348142,-1.0640731941821253,43.86178921423949,43.68823160096291,44259982.0,1,0,16.17144891468515,-1,-0.33093691225767785,,
2022-12-30 05:00:00+00:00,63.77,64.82,63.1437,64.77,39077171.0,216197.0,64.095861,74.63180482794861,67.6195,60.60719517205139,-1.6794184396848806,-1.1871422432826764,43.76282291873373,43.698177109999015,39077171.0,0,0,14.024609655897223,-1,-1.2029292824204976,,
